session_id,seq,ts,tool,duration_ms,is_error,error_type,test_target,debug_layers
explain,0,1774432899579,explain,55,false,,,false
core/str,0,1774432995782,core/str,452,false,,core/str,false
docs/list,1,1774434081907,docs/list,2247,false,,,false
docs/list,2,1774434081926,docs/list,4,false,,,false
docs/list,3,1774434081935,docs/list,5,false,,,false
docs/search,4,1774434082014,docs/search,75,false,,,false
docs/list,5,1774434087811,docs/list,4,false,,,false
docs/search,6,1774434088406,docs/search,30,false,,,false
docs/search,7,1774434097499,docs/search,46,false,,,false
docs/search,8,1774434097964,docs/search,24,false,,,false
scripts/audit_docs.tml,9,1774434210884,scripts/audit_docs.tml,99,false,,scripts/audit_docs.tml,false
docs/search,0,1774434241537,docs/search,2328,false,,,false
docs/search,1,1774434264952,docs/search,89,false,,,false
docs/search,2,1774434272526,docs/search,65,false,,,false
docs/search,3,1774434278745,docs/search,22,false,,,false
docs/search,4,1774434361129,docs/search,35,false,,,false
docs/search,5,1774434486994,docs/search,47,false,,,false
docs/search,6,1774435067032,docs/search,63,false,,,false
docs/search,0,1774438852517,docs/search,2253,false,,,false
project/coverage,0,1774439610360,project/coverage,316923,true,,,false
test,0,1774439643118,test,10034,false,,,false
core/str,1,1774439712357,core/str,60635,false,,core/str,false
docs/search,0,1774559007790,docs/search,2973,false,,,false
docs/search,1,1774559013556,docs/search,155,false,,,false
docs/get,2,1774559018975,docs/get,4,false,,,false
docs/get,3,1774559024869,docs/get,6,false,,,false
docs/search,4,1774559030697,docs/search,32,false,,,false
docs/search,5,1774559039754,docs/search,32,false,,,false
core/result,0,1774571260720,core/result,121879,false,,core/result,false
core/types,0,1774571330373,core/types,22788,false,,core/types,false
core/enum,0,1774571341166,core/enum,210,false,,core/enum,false
core/maybe,1,1774571341424,core/maybe,149,false,,core/maybe,false
core/option,2,1774571375338,core/option,17202,false,,core/option,false
lib/core/tests/option/option_basic.test.tml,0,1774571403161,lib/core/tests/option/option_basic.test.tml,12884,false,,lib/core/tests/option/option_basic.test.tml,false
lib/core/tests/result/result.test.tml,1,1774571421154,lib/core/tests/result/result.test.tml,12819,false,,lib/core/tests/result/result.test.tml,false
lib/core/tests/closure/closure.test.tml,2,1774571434417,lib/core/tests/closure/closure.test.tml,13254,false,,lib/core/tests/closure/closure.test.tml,false
core/str,3,1774571445582,core/str,5669,false,,core/str,false
lib/core/tests/enum,0,1774573700644,lib/core/tests/enum,164,false,,lib/core/tests/enum,false
lib/core/tests/types/types_convert.test.tml,1,1774576142129,lib/core/tests/types/types_convert.test.tml,5058,false,,lib/core/tests/types/types_convert.test.tml,false
lib/std/tests/collections/collections_methods.test.tml,2,1774576155444,lib/std/tests/collections/collections_methods.test.tml,13302,false,,lib/std/tests/collections/collections_methods.test.tml,false
lib/core/tests/default/default.test.tml,3,1774576172401,lib/core/tests/default/default.test.tml,7180,false,,lib/core/tests/default/default.test.tml,false
lib/std/tests/json/json_parse.test.tml,4,1774576172546,lib/std/tests/json/json_parse.test.tml,137,false,,lib/std/tests/json/json_parse.test.tml,false
lib/core/tests/iter/iter.test.tml,5,1774576185072,lib/core/tests/iter/iter.test.tml,12519,false,,lib/core/tests/iter/iter.test.tml,false
lib/core/tests/types/types_convert.test.tml,6,1774576192378,lib/core/tests/types/types_convert.test.tml,1119,false,,lib/core/tests/types/types_convert.test.tml,false
lib/core/tests/num/num_ops.test.tml,7,1774576192526,lib/core/tests/num/num_ops.test.tml,140,false,,lib/core/tests/num/num_ops.test.tml,false
lib/core/tests/array/array.test.tml,8,1774576200595,lib/core/tests/array/array.test.tml,8062,false,,lib/core/tests/array/array.test.tml,false
lib/core/tests/alloc/alloc.test.tml,9,1774576262750,lib/core/tests/alloc/alloc.test.tml,13862,false,,lib/core/tests/alloc/alloc.test.tml,false
lib/core/tests/ptr/ptr.test.tml,10,1774576274078,lib/core/tests/ptr/ptr.test.tml,11316,false,,lib/core/tests/ptr/ptr.test.tml,false
lib/core/tests/str/str.test.tml,11,1774576282489,lib/core/tests/str/str.test.tml,8399,false,,lib/core/tests/str/str.test.tml,false
lib/core/tests/types/types.test.tml,12,1774576301879,lib/core/tests/types/types.test.tml,6751,false,,lib/core/tests/types/types.test.tml,false
lib/core/tests/types/types_ok_or_else.test.tml,13,1774576309525,lib/core/tests/types/types_ok_or_else.test.tml,7633,false,,lib/core/tests/types/types_ok_or_else.test.tml,false
lib/core/tests/num/integer.test.tml,14,1774576320672,lib/core/tests/num/integer.test.tml,11127,false,,lib/core/tests/num/integer.test.tml,false
lib/core/tests/num/checked_test.test.tml,15,1774576328579,lib/core/tests/num/checked_test.test.tml,7899,false,,lib/core/tests/num/checked_test.test.tml,false
lib/core/tests/types/types_convert.test.tml,16,1774576336514,lib/core/tests/types/types_convert.test.tml,1394,false,,lib/core/tests/types/types_convert.test.tml,false
lib/std/tests/zlib/zlib_basic.test.tml,17,1774576336781,lib/std/tests/zlib/zlib_basic.test.tml,259,false,,lib/std/tests/zlib/zlib_basic.test.tml,false
lib/std/tests/crypto/crypto.test.tml,18,1774576337036,lib/std/tests/crypto/crypto.test.tml,243,false,,lib/std/tests/crypto/crypto.test.tml,false
lib/core/tests/types/types_encoding.test.tml,19,1774576342508,lib/core/tests/types/types_encoding.test.tml,1639,false,,lib/core/tests/types/types_encoding.test.tml,false
lib/core/tests/types/array_small_types.test.tml,20,1774576351385,lib/core/tests/types/array_small_types.test.tml,8871,false,,lib/core/tests/types/array_small_types.test.tml,false
compiler/tests/codegen/codegen_basic.test.tml,21,1774576351633,compiler/tests/codegen/codegen_basic.test.tml,234,false,,compiler/tests/codegen/codegen_basic.test.tml,false
compiler/tests/compiler/basics/basics.test.tml,22,1774576384410,compiler/tests/compiler/basics/basics.test.tml,8691,false,,compiler/tests/compiler/basics/basics.test.tml,false
compiler/tests/compiler/basics/control_flow.test.tml,23,1774576393760,compiler/tests/compiler/basics/control_flow.test.tml,9311,false,,compiler/tests/compiler/basics/control_flow.test.tml,false
compiler/tests/compiler/basics/expressions.test.tml,24,1774576404827,compiler/tests/compiler/basics/expressions.test.tml,11049,false,,compiler/tests/compiler/basics/expressions.test.tml,false
compiler/tests/compiler/basics/features.test.tml,25,1774576413513,compiler/tests/compiler/basics/features.test.tml,8660,false,,compiler/tests/compiler/basics/features.test.tml,false
lib/core/tests/types/types_ok_or_else.test.tml,26,1774576432162,lib/core/tests/types/types_ok_or_else.test.tml,8998,false,,lib/core/tests/types/types_ok_or_else.test.tml,false
lib/core/tests/str/str.test.tml,0,1774576869123,lib/core/tests/str/str.test.tml,7946,false,,lib/core/tests/str/str.test.tml,false
lib/core/tests/cmp/cmp.test.tml,1,1774576874813,lib/core/tests/cmp/cmp.test.tml,5680,false,,lib/core/tests/cmp/cmp.test.tml,false
lib/core/tests/default/default.test.tml,2,1774576883206,lib/core/tests/default/default.test.tml,4044,false,,lib/core/tests/default/default.test.tml,false
lib/core/tests/iter/iter.test.tml,3,1774576892787,lib/core/tests/iter/iter.test.tml,9573,false,,lib/core/tests/iter/iter.test.tml,false
lib/core/tests/alloc/alloc.test.tml,4,1774576902733,lib/core/tests/alloc/alloc.test.tml,9937,false,,lib/core/tests/alloc/alloc.test.tml,false
lib/core/tests/result/result.test.tml,5,1774576911160,lib/core/tests/result/result.test.tml,8419,false,,lib/core/tests/result/result.test.tml,false
lib/core/tests/types/types_convert.test.tml,0,1774587766516,lib/core/tests/types/types_convert.test.tml,12242,false,,lib/core/tests/types/types_convert.test.tml,false
lib/core/tests/types/types_encoding.test.tml,1,1774587767946,lib/core/tests/types/types_encoding.test.tml,1409,false,,lib/core/tests/types/types_encoding.test.tml,false
lib/core/tests/str/str.test.tml,2,1774587775008,lib/core/tests/str/str.test.tml,7048,false,,lib/core/tests/str/str.test.tml,false
lib/core/tests/cmp/cmp.test.tml,3,1774587781482,lib/core/tests/cmp/cmp.test.tml,6463,false,,lib/core/tests/cmp/cmp.test.tml,false
lib/core/tests/alloc/alloc.test.tml,4,1774587797278,lib/core/tests/alloc/alloc.test.tml,10793,false,,lib/core/tests/alloc/alloc.test.tml,false
lib/core/tests/iter/iter.test.tml,5,1774587808458,lib/core/tests/iter/iter.test.tml,11169,false,,lib/core/tests/iter/iter.test.tml,false
lib/core/tests/result/result.test.tml,6,1774587817211,lib/core/tests/result/result.test.tml,8743,false,,lib/core/tests/result/result.test.tml,false
lib/core/tests/default/default.test.tml,7,1774587821570,lib/core/tests/default/default.test.tml,4348,false,,lib/core/tests/default/default.test.tml,false
core/reflect,0,1774591111223,core/reflect,20571,false,,core/reflect,false
compiler/reflect,1,1774591115747,compiler/reflect,117,false,,compiler/reflect,false
compiler/tests/compiler/reflect/field_name.test.tml,2,1774591128179,compiler/tests/compiler/reflect/field_name.test.tml,4013,false,,compiler/tests/compiler/reflect/field_name.test.tml,false
compiler/tests/compiler/reflect/field_metadata.test.tml,3,1774591132291,compiler/tests/compiler/reflect/field_metadata.test.tml,4103,false,,compiler/tests/compiler/reflect/field_metadata.test.tml,false
compiler/tests/compiler/reflect/field_count.test.tml,4,1774591136199,compiler/tests/compiler/reflect/field_count.test.tml,3901,false,,compiler/tests/compiler/reflect/field_count.test.tml,false
compiler/tests/compiler/reflect/class_reflection.test.tml,5,1774591167698,compiler/tests/compiler/reflect/class_reflection.test.tml,4083,false,,compiler/tests/compiler/reflect/class_reflection.test.tml,false
compiler/tests/compiler/reflect/interface_reflection.test.tml,6,1774591171525,compiler/tests/compiler/reflect/interface_reflection.test.tml,3810,false,,compiler/tests/compiler/reflect/interface_reflection.test.tml,false
compiler/tests/compiler/reflect/class_reflection.test.tml,7,1774591196367,compiler/tests/compiler/reflect/class_reflection.test.tml,640,false,,compiler/tests/compiler/reflect/class_reflection.test.tml,false
compiler/tests/compiler/reflect/class_reflection.test.tml,8,1774591200400,compiler/tests/compiler/reflect/class_reflection.test.tml,625,true,,compiler/tests/compiler/reflect/class_reflection.test.tml,true
compiler/tests/compiler/reflect/class_reflection.test.tml,9,1774591216109,compiler/tests/compiler/reflect/class_reflection.test.tml,4186,false,,compiler/tests/compiler/reflect/class_reflection.test.tml,false
run,0,1774591245465,run,415,true,,,false
run,1,1774591299715,run,398,true,,,false
run,2,1774591323416,run,408,true,,,false
run,3,1774591355958,run,413,true,,,false
run,4,1774591371830,run,7988,false,,,false
run,5,1774591387317,run,7057,true,,,false
run,6,1774591412833,run,8062,true,,,false
run,0,1774591489318,run,8024,false,,,false
compiler/tests/compiler/reflect/dynamic_dispatch.test.tml,1,1774591535639,compiler/tests/compiler/reflect/dynamic_dispatch.test.tml,4143,false,,compiler/tests/compiler/reflect/dynamic_dispatch.test.tml,false
run,2,1774591572169,run,405,true,,,false
run,3,1774591592815,run,7478,true,,,false
run,4,1774591616740,run,8108,false,,,false
run,5,1774591629450,run,8251,false,,,false
run,0,1774591735794,run,543,true,,,false
run,0,1774591787695,run,8033,false,,,false
run,1,1774591823037,run,8363,false,,,false
run,2,1774591851808,run,8133,false,,,false
compiler/tests/compiler/reflect/impl_reflection.test.tml,3,1774591870567,compiler/tests/compiler/reflect/impl_reflection.test.tml,4424,false,,compiler/tests/compiler/reflect/impl_reflection.test.tml,false
core/reflect,4,1774591912964,core/reflect,19278,false,,core/reflect,false
compiler/tests/compiler/reflect/field_count.test.tml,5,1774591920917,compiler/tests/compiler/reflect/field_count.test.tml,3998,false,,compiler/tests/compiler/reflect/field_count.test.tml,false
compiler/tests/compiler/reflect/variant_count.test.tml,6,1774591925059,compiler/tests/compiler/reflect/variant_count.test.tml,4137,false,,compiler/tests/compiler/reflect/variant_count.test.tml,false
compiler/tests/compiler/reflect/field_name.test.tml,7,1774591928888,compiler/tests/compiler/reflect/field_name.test.tml,3816,false,,compiler/tests/compiler/reflect/field_name.test.tml,false
compiler/tests/compiler/reflect/field_metadata.test.tml,8,1774591932879,compiler/tests/compiler/reflect/field_metadata.test.tml,3983,false,,compiler/tests/compiler/reflect/field_metadata.test.tml,false
compiler/tests/compiler/reflect/derive_reflect.test.tml,9,1774591939388,compiler/tests/compiler/reflect/derive_reflect.test.tml,6500,false,,compiler/tests/compiler/reflect/derive_reflect.test.tml,false
compiler/tests/compiler/reflect/class_reflection.test.tml,10,1774591943287,compiler/tests/compiler/reflect/class_reflection.test.tml,3890,false,,compiler/tests/compiler/reflect/class_reflection.test.tml,false
compiler/tests/compiler/reflect/interface_reflection.test.tml,11,1774591946889,compiler/tests/compiler/reflect/interface_reflection.test.tml,3596,false,,compiler/tests/compiler/reflect/interface_reflection.test.tml,false
compiler/tests/compiler/reflect/dynamic_dispatch.test.tml,12,1774591950768,compiler/tests/compiler/reflect/dynamic_dispatch.test.tml,3871,false,,compiler/tests/compiler/reflect/dynamic_dispatch.test.tml,false
compiler/tests/compiler/reflect/impl_reflection.test.tml,13,1774591951696,compiler/tests/compiler/reflect/impl_reflection.test.tml,922,false,,compiler/tests/compiler/reflect/impl_reflection.test.tml,false
test,14,1774605984045,test,14030648,false,,,false
docs/search,0,1774608948917,docs/search,3249,false,,,false
docs/search,1,1774608952493,docs/search,173,false,,,false
docs/search,2,1774608955916,docs/search,48,false,,,false
docs/search,3,1774609133396,docs/search,98,false,,,false
docs/search,4,1774657072683,docs/search,27,false,,,false
docs/search,5,1774657076473,docs/search,136,false,,,false
docs/search,0,1774659011649,docs/search,2863,false,,,false
docs/search,1,1774659015708,docs/search,98,false,,,false
docs/search,2,1774659086544,docs/search,169,false,,,false
docs/get,3,1774659093723,docs/get,4,false,,,false
docs/list,4,1774659100787,docs/list,3,false,,,false
run,0,1774660686738,run,10048,false,,,false
run,1,1774660760311,run,526,false,,,false
run,2,1774660778866,run,7680,false,,,false
run,3,1774660796772,run,7991,false,,,false
run,4,1774660815650,run,6823,false,,,false
run,0,1774661264893,run,6129,false,,,false
run,0,1774661381581,run,6513,false,,,false
run,0,1774661630987,run,7575,false,,,false
core/str,0,1774663651545,core/str,77734,false,,core/str,false
std/collections,1,1774664001254,std/collections,346191,false,,std/collections,false
core/fmt,2,1774664196816,core/fmt,173473,false,,core/fmt,false
core/iter,3,1774664565794,core/iter,259689,false,,core/iter,false
std/json,4,1774664699663,std/json,99245,false,,std/json,false
compiler/compiler,5,1774665350043,compiler/compiler,625416,false,,compiler/compiler,false
core/str,0,1774665448848,core/str,82973,false,,core/str,false
compiler/compiler,1,1774665646493,compiler/compiler,193440,false,,compiler/compiler,false
core/str,0,1774665744964,core/str,82248,false,,core/str,false
compiler/compiler,1,1774666395572,compiler/compiler,646418,false,,compiler/compiler,false
core/fmt,2,1774666557772,core/fmt,157292,false,,core/fmt,false
std/json,3,1774666672979,std/json,99599,false,,std/json,false
core/str,4,1774667467688,core/str,5846,false,,core/str,false
core/fmt,5,1774667502634,core/fmt,34938,false,,core/fmt,false
core/iter,6,1774667833513,core/iter,330868,false,,core/iter,false
core/iter,7,1774667847002,core/iter,13488,false,,core/iter,false
core/alloc,8,1774668015777,core/alloc,164597,false,,core/alloc,false
core/iter,0,1774668420585,core/iter,306844,false,,core/iter,false
core/str,1,1774668528507,core/str,103375,false,,core/str,false
core/fmt,2,1774668732927,core/fmt,198258,false,,core/fmt,false
std/json,3,1774668858705,std/json,125757,false,,std/json,false
core/option,4,1774668977160,core/option,115186,false,,core/option,false
core/result,5,1774669062109,core/result,84928,false,,core/result,false
core/iter,6,1774669079275,core/iter,11043,false,,core/iter,false
core/slice,7,1774669279410,core/slice,200129,false,,core/slice,false
core/num,8,1774669530871,core/num,245145,false,,core/num,false
core/hash,9,1774669595005,core/hash,64113,false,,core/hash,false
core/alloc,10,1774669760366,core/alloc,165353,false,,core/alloc,false
std/collections,11,1774670236313,std/collections,388229,false,,std/collections,false
core/drop,12,1774670289123,core/drop,52782,false,,core/drop,false
core/mem,13,1774670328437,core/mem,39299,false,,core/mem,false
std/text,0,1774670361158,std/text,23368,false,,std/text,false
std/regex,0,1774670389716,std/regex,3897,false,,std/regex,false
check,0,1774670403904,check,1889,false,,,false
core/sync,0,1774670408879,core/sync,5739,false,,core/sync,false
check,0,1774670412850,check,4081,true,,,false
emit-ir,0,1774670419602,emit-ir,750,false,,,false
core/clone,1,1774670426083,core/clone,17188,false,,core/clone,false
core/ops,2,1774670504390,core/ops,78297,false,,core/ops,false
core/array,0,1774670523247,core/array,5788,false,,core/array,false
check,0,1774670547900,check,427,false,,,false
check,0,1774670596060,check,419,false,,,false
std/math,0,1774670619149,std/math,67740,false,,std/math,false
compile,0,1774670619722,compile,937,true,,,false
std/url,1,1774670661320,std/url,42162,false,,std/url,false
std/uuid,2,1774670695275,std/uuid,33937,false,,std/uuid,false
check,0,1774670707238,check,471,false,,,false
check,0,1774670832643,check,445,false,,,false
run,0,1774670874976,run,999,false,,,false
check,0,1774670947064,check,445,false,,,false
check,0,1774670953622,check,423,false,,,false
compile,0,1774670976482,compile,927,false,,,false
emit-ir,0,1774671208766,emit-ir,462,false,,,false
compiler/borrow,0,1774671283738,compiler/borrow,13215,false,,compiler/borrow,false
check,0,1774671358053,check,97,true,,,false
check,0,1774671532022,check,438,false,,,false
check,0,1774671615610,check,447,false,,,false
emit-ir,0,1774671737890,emit-ir,486,false,,,false
check,0,1774671772423,check,431,false,,,false
emit-ir,1,1774671772868,emit-ir,440,false,,,false
emit-mir,2,1774671782120,emit-mir,816,true,,,false
emit-mir,3,1774671798993,emit-mir,954,true,,,false
check,4,1774671831162,check,2173,true,,,false
emit-mir,0,1774672018055,emit-mir,498,false,,,false
check,0,1774672052375,check,425,false,,,false
emit-ir,1,1774672056500,emit-ir,489,false,,,false
emit-mir,2,1774672060825,emit-mir,449,false,,,false
check,3,1774672073660,check,2196,true,,,false
check,4,1774672217923,check,2280,false,,,false
check,5,1774672230464,check,2367,true,,,false
check,6,1774672270190,check,1804,false,,,false
check,7,1774672294493,check,559,false,,,false
check,8,1774672305471,check,538,false,,,false
lib/core/tests/net/ip.test.tml,9,1774672360346,lib/core/tests/net/ip.test.tml,10977,false,,lib/core/tests/net/ip.test.tml,false
lib/core/tests/net/ip.test.tml,10,1774672366911,lib/core/tests/net/ip.test.tml,566,false,,lib/core/tests/net/ip.test.tml,false
lib/core/tests/net/ip.test.tml,11,1774672373249,lib/core/tests/net/ip.test.tml,988,false,,lib/core/tests/net/ip.test.tml,false
core/net,12,1774672383306,core/net,991,false,,core/net,false
std/net,13,1774672784340,std/net,391111,false,,std/net,false
ipv4,14,1774672796326,ipv4,6703,false,,ipv4,false
lib/std/tests/net/ip_v4.test.tml,15,1774672806094,lib/std/tests/net/ip_v4.test.tml,5530,false,,lib/std/tests/net/ip_v4.test.tml,false
lib/std/tests/net/ip_v6.test.tml,16,1774672815967,lib/std/tests/net/ip_v6.test.tml,5332,false,,lib/std/tests/net/ip_v6.test.tml,false
lib/std/tests/net/net_socket.test.tml,17,1774672831575,lib/std/tests/net/net_socket.test.tml,11366,false,,lib/std/tests/net/net_socket.test.tml,false
lib/std/tests/net/net_socket.test.tml,18,1774672836904,lib/std/tests/net/net_socket.test.tml,1082,true,,lib/std/tests/net/net_socket.test.tml,true
lib/std/tests/net/ip_addr.test.tml,19,1774672877171,lib/std/tests/net/ip_addr.test.tml,8574,false,,lib/std/tests/net/ip_addr.test.tml,false
lib/std/tests/net/socket_addr_coverage.test.tml,20,1774672883444,lib/std/tests/net/socket_addr_coverage.test.tml,2214,false,,lib/std/tests/net/socket_addr_coverage.test.tml,false
lib/std/tests/net/ip_v4_traits.test.tml,0,1774672893423,lib/std/tests/net/ip_v4_traits.test.tml,5760,false,,lib/std/tests/net/ip_v4_traits.test.tml,false
lib/std/tests/net/socket_v6.test.tml,1,1774672898777,lib/std/tests/net/socket_v6.test.tml,1776,false,,lib/std/tests/net/socket_v6.test.tml,false
lib/std/tests/net/ip_eq_fmt.test.tml,0,1774672908974,lib/std/tests/net/ip_eq_fmt.test.tml,5825,false,,lib/std/tests/net/ip_eq_fmt.test.tml,false
docs/list,0,1774673080370,docs/list,2958,false,,,false
check,1,1774673157590,check,560,true,,,false
lib/std/tests/collections/list_phase1.test.tml,2,1774673180815,lib/std/tests/collections/list_phase1.test.tml,2023,false,,lib/std/tests/collections/list_phase1.test.tml,false
lib/std/tests/collections/list_phase1.test.tml,3,1774673207652,lib/std/tests/collections/list_phase1.test.tml,1998,false,,lib/std/tests/collections/list_phase1.test.tml,false
lib/std/tests/collections/list_phase1.test.tml,4,1774673220597,lib/std/tests/collections/list_phase1.test.tml,2005,true,,lib/std/tests/collections/list_phase1.test.tml,true
lib/std/tests/collections/list_phase1.test.tml,5,1774673357616,lib/std/tests/collections/list_phase1.test.tml,4708,false,,lib/std/tests/collections/list_phase1.test.tml,false
cache/invalidate,6,1774673370597,cache/invalidate,59,false,,,false
lib/std/tests/collections/list_phase1.test.tml,7,1774673376059,lib/std/tests/collections/list_phase1.test.tml,720,false,,lib/std/tests/collections/list_phase1.test.tml,false
lib/std/tests/collections/list_phase1.test.tml,0,1774673417336,lib/std/tests/collections/list_phase1.test.tml,4932,false,,lib/std/tests/collections/list_phase1.test.tml,false
lib/std/tests/collections/list_phase1.test.tml,1,1774673455919,lib/std/tests/collections/list_phase1.test.tml,831,false,,lib/std/tests/collections/list_phase1.test.tml,false
lib/std/tests/collections/list.test.tml,2,1774673460954,lib/std/tests/collections/list.test.tml,118,false,,lib/std/tests/collections/list.test.tml,false
lib/std/tests/collections/list_pure.test.tml,3,1774673475309,lib/std/tests/collections/list_pure.test.tml,4686,false,,lib/std/tests/collections/list_pure.test.tml,false
lib/std/tests/collections/list_phase1.test.tml,0,1774673590652,lib/std/tests/collections/list_phase1.test.tml,5568,false,,lib/std/tests/collections/list_phase1.test.tml,false
lib/std/tests/collections/list_sort.test.tml,1,1774673622851,lib/std/tests/collections/list_sort.test.tml,5334,false,,lib/std/tests/collections/list_sort.test.tml,false
docs/list,0,1774678098317,docs/list,3030,false,,,false
docs/list,1,1774678107408,docs/list,4,false,,,false
docs/list,2,1774678107853,docs/list,4,false,,,false
docs/search,3,1774678108556,docs/search,99,false,,,false
docs/get,4,1774678114460,docs/get,6,false,,,false
docs/get,5,1774678115101,docs/get,6,false,,,false
docs/search,6,1774678115642,docs/search,117,false,,,false
docs/get,7,1774678119620,docs/get,3,false,,,false
docs/get,8,1774678119790,docs/get,3,false,,,false
docs/search,9,1774678119948,docs/search,38,false,,,false
docs/search,10,1774678122990,docs/search,18,false,,,false
docs/search,11,1774678123106,docs/search,84,false,,,false
docs/list,12,1774678126746,docs/list,4,false,,,false
lib/std/tests/collections/list_phase1.test.tml,13,1774678139237,lib/std/tests/collections/list_phase1.test.tml,5107,false,,lib/std/tests/collections/list_phase1.test.tml,false
docs/search,14,1774678139288,docs/search,50,false,,,false
lib/std/tests/collections/list_sort.test.tml,15,1774678144214,lib/std/tests/collections/list_sort.test.tml,4925,false,,lib/std/tests/collections/list_sort.test.tml,false
docs/search,16,1774678149804,docs/search,50,false,,,false
docs/list,17,1774678172258,docs/list,4,false,,,false
run,18,1774678196672,run,8805,true,,,false
check,19,1774678199587,check,36,true,,,false
run,20,1774678217840,run,9247,false,,,false
check,21,1774678218267,check,426,false,,,false
check,22,1774678218724,check,457,true,,,false
lib/std/tests/collections/list_phase2.test.tml,23,1774678239416,lib/std/tests/collections/list_phase2.test.tml,5500,false,,lib/std/tests/collections/list_phase2.test.tml,false
lib/std/tests/env/env.test.tml,24,1774678242245,lib/std/tests/env/env.test.tml,1626,false,,lib/std/tests/env/env.test.tml,false
check,25,1774678242980,check,734,true,,,false
lib/std/tests/collections/list_phase2.test.tml,26,1774678249219,lib/std/tests/collections/list_phase2.test.tml,5456,true,,lib/std/tests/collections/list_phase2.test.tml,true
lib/std/tests/env/env.test.tml,27,1774678251269,lib/std/tests/env/env.test.tml,2049,false,,lib/std/tests/env/env.test.tml,true
check,28,1774678256251,check,1367,true,,,false
docs/search,29,1774678259339,docs/search,3086,false,,,false
lib/std/tests/collections/list_phase1.test.tml,30,1774678260688,lib/std/tests/collections/list_phase1.test.tml,1349,false,,lib/std/tests/collections/list_phase1.test.tml,false
run,31,1774678263872,run,2486,true,,,false
docs/search,32,1774678264060,docs/search,187,false,,,false
check,33,1774678281888,check,775,true,,,false
lib/std/tests/collections/list_phase2.test.tml,34,1774678287312,lib/std/tests/collections/list_phase2.test.tml,4575,false,,lib/std/tests/collections/list_phase2.test.tml,false
check,35,1774678292392,check,1042,false,,,false
check,36,1774678294167,check,461,false,,,false
run,37,1774678303059,run,7761,false,,,false
lib/std/tests/env/env.test.tml,38,1774678309336,lib/std/tests/env/env.test.tml,6277,false,,lib/std/tests/env/env.test.tml,false
run,39,1774678315924,run,6588,false,,,false
lib/std/tests/env/env.test.tml,40,1774678316547,lib/std/tests/env/env.test.tml,622,false,,lib/std/tests/env/env.test.tml,true
run,41,1774678324296,run,7748,false,,,false
lib/std/tests/env/env.test.tml,42,1774678324968,lib/std/tests/env/env.test.tml,672,false,,lib/std/tests/env/env.test.tml,false
lib/std/tests/collections/list_phase2.test.tml,43,1774678333348,lib/std/tests/collections/list_phase2.test.tml,5123,false,,lib/std/tests/collections/list_phase2.test.tml,false
check,44,1774678333759,check,411,false,,,false
run,45,1774678340360,run,6600,true,,,false
lib/std/tests/env/env_basic.test.tml,46,1774678346973,lib/std/tests/env/env_basic.test.tml,5308,false,,lib/std/tests/env/env_basic.test.tml,false
lib/std/tests/collections/list_phase1.test.tml,47,1774678348258,lib/std/tests/collections/list_phase1.test.tml,1284,false,,lib/std/tests/collections/list_phase1.test.tml,false
check,48,1774678348294,check,36,true,,,false
run,49,1774678354825,run,6448,true,,,false
lib/std/tests/env/env.test.tml,50,1774678355423,lib/std/tests/env/env.test.tml,598,false,,lib/std/tests/env/env.test.tml,false
lib/std/tests/env/env.test.tml,51,1774678358089,lib/std/tests/env/env.test.tml,460,false,,lib/std/tests/env/env.test.tml,false
run,52,1774678367030,run,8469,false,,,false
lib/std/tests/collections/list_phase1.test.tml,53,1774678368320,lib/std/tests/collections/list_phase1.test.tml,1290,false,,lib/std/tests/collections/list_phase1.test.tml,false
lib/std/tests/env/,54,1774678373863,lib/std/tests/env/,5543,false,,lib/std/tests/env/,false
run,55,1774678378832,run,707,true,,,false
lib/std/tests/collections/list_phase1.test.tml,56,1774678380114,lib/std/tests/collections/list_phase1.test.tml,1282,false,,lib/std/tests/collections/list_phase1.test.tml,false
std/os,57,1774678466889,std/os,86775,false,,std/os,false
lib/std/tests/collections/list_phase1.test.tml,58,1774678468531,lib/std/tests/collections/list_phase1.test.tml,1641,false,,lib/std/tests/collections/list_phase1.test.tml,false
check,59,1774678469045,check,513,false,,,false
lib/core/tests/str/str_new_methods.test.tml,60,1774678469701,lib/core/tests/str/str_new_methods.test.tml,656,false,,lib/core/tests/str/str_new_methods.test.tml,false
lib/std/tests/env/env.test.tml,61,1774678471776,lib/std/tests/env/env.test.tml,777,false,,lib/std/tests/env/env.test.tml,false
lib/std/tests/env/env_basic.test.tml,62,1774678472550,lib/std/tests/env/env_basic.test.tml,770,false,,lib/std/tests/env/env_basic.test.tml,false
lib/core/tests/str/str_new_methods.test.tml,63,1774678473270,lib/core/tests/str/str_new_methods.test.tml,532,false,,lib/core/tests/str/str_new_methods.test.tml,false
run,64,1774678480587,run,7317,false,,,false
lib/std/tests/collections/list_phase2.test.tml,65,1774678481863,lib/std/tests/collections/list_phase2.test.tml,1275,false,,lib/std/tests/collections/list_phase2.test.tml,false
lib/core/tests/str/str_new_methods.test.tml,66,1774678482421,lib/core/tests/str/str_new_methods.test.tml,557,false,,lib/core/tests/str/str_new_methods.test.tml,false
lib/std/tests/env/env_basic.test.tml,67,1774678483577,lib/std/tests/env/env_basic.test.tml,1155,false,,lib/std/tests/env/env_basic.test.tml,false
lib/std/tests/env/env.test.tml,68,1774678487155,lib/std/tests/env/env.test.tml,1283,false,,lib/std/tests/env/env.test.tml,false
lib/core/tests/str/str_new_methods.test.tml,69,1774678497346,lib/core/tests/str/str_new_methods.test.tml,10191,false,,lib/core/tests/str/str_new_methods.test.tml,false
lib/std/tests/env/env.test.tml,70,1774678498494,lib/std/tests/env/env.test.tml,1147,false,,lib/std/tests/env/env.test.tml,false
run,71,1774678505814,run,7320,true,,,false
lib/std/tests/env/env.test.tml,72,1774678507745,lib/std/tests/env/env.test.tml,1930,false,,lib/std/tests/env/env.test.tml,false
lib/std/tests/collections/list_phase2b.test.tml,73,1774678513344,lib/std/tests/collections/list_phase2b.test.tml,5598,false,,lib/std/tests/collections/list_phase2b.test.tml,false
lib/core/tests/str/str_new_methods.test.tml,74,1774678515731,lib/core/tests/str/str_new_methods.test.tml,2387,true,,lib/core/tests/str/str_new_methods.test.tml,true
lib/std/tests/env/env.test.tml,75,1774678516851,lib/std/tests/env/env.test.tml,1119,false,,lib/std/tests/env/env.test.tml,false
docs/search,76,1774678519871,docs/search,3019,false,,,false
lib/std/tests/env/env.test.tml,77,1774678521010,lib/std/tests/env/env.test.tml,1138,false,,lib/std/tests/env/env.test.tml,false
docs/search,78,1774678529145,docs/search,137,false,,,false
lib/std/tests/collections/list_phase3.test.tml,79,1774678536104,lib/std/tests/collections/list_phase3.test.tml,5143,false,,lib/std/tests/collections/list_phase3.test.tml,false
lib/std/tests/collections/list_sort.test.tml,80,1774678540478,lib/std/tests/collections/list_sort.test.tml,1152,false,,lib/std/tests/collections/list_sort.test.tml,false
lib/std/tests/env/env.test.tml,81,1774678546350,lib/std/tests/env/env.test.tml,5777,false,,lib/std/tests/env/env.test.tml,false
lib/std/tests/collections/list_sort.test.tml,82,1774678548128,lib/std/tests/collections/list_sort.test.tml,699,false,,lib/std/tests/collections/list_sort.test.tml,false
lib/std/tests/os/integ_env_process.test.tml,83,1774678558948,lib/std/tests/os/integ_env_process.test.tml,5719,false,,lib/std/tests/os/integ_env_process.test.tml,false
run,84,1774678564757,run,1298,false,,,false
run,85,1774678565362,run,604,true,,,false
lib/std/tests/env/env_minimal.test.tml,86,1774678571272,lib/std/tests/env/env_minimal.test.tml,4729,false,,lib/std/tests/env/env_minimal.test.tml,false
lib/core/tests/str/str_new_methods.test.tml,87,1774678572771,lib/core/tests/str/str_new_methods.test.tml,1498,false,,lib/core/tests/str/str_new_methods.test.tml,false
lib/std/tests/collections/list_iter.test.tml,88,1774678577919,lib/std/tests/collections/list_iter.test.tml,5148,false,,lib/std/tests/collections/list_iter.test.tml,false
cache/invalidate,89,1774678579129,cache/invalidate,40,false,,,false
lib/std/tests/env/env_setget.test.tml,90,1774678586778,lib/std/tests/env/env_setget.test.tml,5442,false,,lib/std/tests/env/env_setget.test.tml,false
lib/core/tests/str/str_new_methods.test.tml,91,1774678587999,lib/core/tests/str/str_new_methods.test.tml,1221,false,,lib/core/tests/str/str_new_methods.test.tml,false
lib/std/tests/env/env_setget.test.tml,92,1774678598487,lib/std/tests/env/env_setget.test.tml,5034,false,,lib/std/tests/env/env_setget.test.tml,false
core/str,93,1774678699711,core/str,101223,false,,core/str,false
run,94,1774678708397,run,8686,true,,,false
check,95,1774678708829,check,431,false,,,false
lib/core/tests/str/str_new_methods.test.tml,96,1774678712428,lib/core/tests/str/str_new_methods.test.tml,1619,false,,lib/core/tests/str/str_new_methods.test.tml,false
lib/std/tests/env/env_setget.test.tml,97,1774678713515,lib/std/tests/env/env_setget.test.tml,1086,false,,lib/std/tests/env/env_setget.test.tml,false
lib/core/tests/str/str.test.tml,98,1774678724951,lib/core/tests/str/str.test.tml,7509,false,,lib/core/tests/str/str.test.tml,false
lib/std/tests/env/env_setget.test.tml,99,1774678731552,lib/std/tests/env/env_setget.test.tml,5481,false,,lib/std/tests/env/env_setget.test.tml,false
run,100,1774678739480,run,6665,true,,,false
lib/std/tests/env/env_setget.test.tml,101,1774678744907,lib/std/tests/env/env_setget.test.tml,5425,false,,lib/std/tests/env/env_setget.test.tml,false
check,102,1774678752213,check,7306,true,,,false
lib/std/tests/env/env_setget.test.tml,103,1774678758663,lib/std/tests/env/env_setget.test.tml,5211,false,,lib/std/tests/env/env_setget.test.tml,false
lib/std/tests/env/env_setget.test.tml,104,1774678772825,lib/std/tests/env/env_setget.test.tml,6241,false,,lib/std/tests/env/env_setget.test.tml,false
lib/std/tests/env/env_os_compare.test.tml,105,1774678785968,lib/std/tests/env/env_os_compare.test.tml,5902,false,,lib/std/tests/env/env_os_compare.test.tml,false
run,106,1774678794929,run,8002,true,,,false
run,107,1774678807729,run,791,true,,,false
run,108,1774678824891,run,7746,false,,,false
run,109,1774678825995,run,1104,true,,,false
lib/std/tests/env/env.test.tml,110,1774678832027,lib/std/tests/env/env.test.tml,6032,false,,lib/std/tests/env/env.test.tml,false
lib/std/tests/env/env_setget.test.tml,111,1774678837060,lib/std/tests/env/env_setget.test.tml,5027,false,,lib/std/tests/env/env_setget.test.tml,false
run,112,1774678837570,run,510,true,,,false
lib/std/tests/env/env.test.tml,113,1774678841993,lib/std/tests/env/env.test.tml,1494,false,,lib/std/tests/env/env.test.tml,false
run,114,1774678849049,run,544,true,,,false
.sandbox/env_test_bisect.test.tml,115,1774678850257,.sandbox/env_test_bisect.test.tml,115,false,,.sandbox/env_test_bisect.test.tml,false
lib/core/tests/iter/iter_collect.test.tml,116,1774678856454,lib/core/tests/iter/iter_collect.test.tml,609,false,,lib/core/tests/iter/iter_collect.test.tml,false
lib/std/tests/env/env_args.test.tml,0,1774678866829,lib/std/tests/env/env_args.test.tml,6210,false,,lib/std/tests/env/env_args.test.tml,false
lib/core/tests/iter/iter_collect.test.tml,1,1774678867469,lib/core/tests/iter/iter_collect.test.tml,639,false,,lib/core/tests/iter/iter_collect.test.tml,false
cache/invalidate,2,1774678872552,cache/invalidate,0,true,,,false
lib/std/tests/env/env_half.test.tml,3,1774678887335,lib/std/tests/env/env_half.test.tml,6505,false,,lib/std/tests/env/env_half.test.tml,false
lib/std/tests/env/env_half.test.tml,4,1774678900540,lib/std/tests/env/env_half.test.tml,5627,false,,lib/std/tests/env/env_half.test.tml,false
lib/std/tests/env/env_half.test.tml,5,1774678915380,lib/std/tests/env/env_half.test.tml,5602,false,,lib/std/tests/env/env_half.test.tml,false
run,6,1774678923766,run,501,true,,,false
lib/core/tests/iter/iter_collect.test.tml,7,1774678924760,lib/core/tests/iter/iter_collect.test.tml,648,false,,lib/core/tests/iter/iter_collect.test.tml,false
lib/std/tests/env/env_half.test.tml,8,1774678932237,lib/std/tests/env/env_half.test.tml,6349,false,,lib/std/tests/env/env_half.test.tml,false
run,9,1774678932741,run,504,true,,,false
run,10,1774678941159,run,507,true,,,false
lib/std/tests/env/env_half.test.tml,11,1774678947586,lib/std/tests/env/env_half.test.tml,5840,false,,lib/std/tests/env/env_half.test.tml,false
lib/core/tests/iter/iter_collect.test.tml,12,1774678948242,lib/core/tests/iter/iter_collect.test.tml,655,false,,lib/core/tests/iter/iter_collect.test.tml,false
run,13,1774678948749,run,505,true,,,false
lib/core/tests/iter/iter_collect.test.tml,14,1774678955429,lib/core/tests/iter/iter_collect.test.tml,490,false,,lib/core/tests/iter/iter_collect.test.tml,false
lib/std/tests/env/env_half.test.tml,15,1774678964625,lib/std/tests/env/env_half.test.tml,5437,false,,lib/std/tests/env/env_half.test.tml,false
run,16,1774678965229,run,491,true,,,false
lib/std/tests/env/env_half.test.tml,17,1774678978891,lib/std/tests/env/env_half.test.tml,5974,false,,lib/std/tests/env/env_half.test.tml,false
lib/std/tests/env/env_half.test.tml,18,1774678993445,lib/std/tests/env/env_half.test.tml,5895,false,,lib/std/tests/env/env_half.test.tml,false
lib/std/tests/env/env_half.test.tml,19,1774679007006,lib/std/tests/env/env_half.test.tml,5643,false,,lib/std/tests/env/env_half.test.tml,false
cache/invalidate,20,1774679009187,cache/invalidate,42,false,,,false
run,21,1774679012004,run,480,true,,,false
lib/std/tests/env/env_half.test.tml,22,1774679023419,lib/std/tests/env/env_half.test.tml,6064,false,,lib/std/tests/env/env_half.test.tml,false
lib/std/tests/env/env_half.test.tml,23,1774679037952,lib/std/tests/env/env_half.test.tml,6074,false,,lib/std/tests/env/env_half.test.tml,false
run,24,1774679041682,run,507,true,,,false
run,25,1774679052360,run,508,true,,,false
run,26,1774679067539,run,481,true,,,false
lib/std/tests/env/env.test.tml,27,1774679081583,lib/std/tests/env/env.test.tml,5732,false,,lib/std/tests/env/env.test.tml,false
lib/std/tests/env/env_basic.test.tml,28,1774679086994,lib/std/tests/env/env_basic.test.tml,5407,false,,lib/std/tests/env/env_basic.test.tml,false
lib/std/tests/env/env.test.tml,29,1774679093902,lib/std/tests/env/env.test.tml,1111,false,,lib/std/tests/env/env.test.tml,false
lib/std/tests/env/env_probe.test.tml,30,1774679109378,lib/std/tests/env/env_probe.test.tml,5729,false,,lib/std/tests/env/env_probe.test.tml,false
cache/invalidate,31,1774679113044,cache/invalidate,45,false,,,false
run,32,1774679116286,run,487,true,,,false
lib/std/tests/env/env_probe.test.tml,33,1774679124613,lib/std/tests/env/env_probe.test.tml,6001,false,,lib/std/tests/env/env_probe.test.tml,false
lib/std/tests/env/env_probe.test.tml,34,1774679141698,lib/std/tests/env/env_probe.test.tml,7372,false,,lib/std/tests/env/env_probe.test.tml,false
run,35,1774679153791,run,12093,true,,,false
lib/std/tests/env/env_probe.test.tml,36,1774679169245,lib/std/tests/env/env_probe.test.tml,7441,false,,lib/std/tests/env/env_probe.test.tml,false
lib/std/tests/env/env_probe.test.tml,37,1774679188214,lib/std/tests/env/env_probe.test.tml,9407,false,,lib/std/tests/env/env_probe.test.tml,false
run,38,1774679198396,run,10181,false,,,false
lib/std/tests/env/env.test.tml,39,1774679199683,lib/std/tests/env/env.test.tml,1286,false,,lib/std/tests/env/env.test.tml,false
lib/std/tests/env/env_setget.test.tml,40,1774679205665,lib/std/tests/env/env_setget.test.tml,1315,false,,lib/std/tests/env/env_setget.test.tml,false
lib/std/tests/env/env_args.test.tml,41,1774679206965,lib/std/tests/env/env_args.test.tml,1292,false,,lib/std/tests/env/env_args.test.tml,false
run,42,1774679216945,run,9980,true,,,false
lib/std/tests/env/env_basic.test.tml,43,1774679218200,lib/std/tests/env/env_basic.test.tml,1254,false,,lib/std/tests/env/env_basic.test.tml,false
lib/std/tests/env/env_setget.test.tml,44,1774679230067,lib/std/tests/env/env_setget.test.tml,6901,false,,lib/std/tests/env/env_setget.test.tml,false
lib/std/tests/env/env_args.test.tml,45,1774679239555,lib/std/tests/env/env_args.test.tml,7327,false,,lib/std/tests/env/env_args.test.tml,false
lib/std/tests/env/env_probe.test.tml,46,1774679243290,lib/std/tests/env/env_probe.test.tml,738,false,,lib/std/tests/env/env_probe.test.tml,false
run,47,1774679255536,run,1518,true,,,false
run,48,1774679276398,run,11272,false,,,false
lib/core/tests/iter/iter_collect_range.test.tml,49,1774679300065,lib/core/tests/iter/iter_collect_range.test.tml,735,false,,lib/core/tests/iter/iter_collect_range.test.tml,false
lib/core/tests/str/str.test.tml,50,1774679310215,lib/core/tests/str/str.test.tml,1725,false,,lib/core/tests/str/str.test.tml,false
run,51,1774679351182,run,8099,true,,,false
lib/core/tests/str/str.test.tml,52,1774679378009,lib/core/tests/str/str.test.tml,1370,false,,lib/core/tests/str/str.test.tml,false
run,53,1774679390866,run,7937,true,,,false
run,54,1774679408832,run,7832,true,,,false
cache/invalidate,55,1774679408879,cache/invalidate,46,false,,,false
lib/core/tests/str/str.test.tml,56,1774679413537,lib/core/tests/str/str.test.tml,1139,false,,lib/core/tests/str/str.test.tml,false
cache/invalidate,57,1774679434278,cache/invalidate,40,false,,,false
lib/core/tests/str/str.test.tml,58,1774679439429,lib/core/tests/str/str.test.tml,1383,false,,lib/core/tests/str/str.test.tml,false
run,59,1774679456164,run,9033,false,,,false
run,60,1774679459971,run,551,false,,,false
cache/invalidate,61,1774679463795,cache/invalidate,57,false,,,false
run,62,1774679473139,run,7765,true,,,false
lib/core/tests/str/str.test.tml,63,1774679474266,lib/core/tests/str/str.test.tml,1126,false,,lib/core/tests/str/str.test.tml,false
core/fmt,64,1774679489577,core/fmt,1864,false,,core/fmt,false
core/str,65,1774679494630,core/str,1566,false,,core/str,false
core/str,66,1774679500546,core/str,1643,false,,core/str,false
check,67,1774679552833,check,420,true,,,false
check,68,1774679562769,check,4538,true,,,false
check,69,1774679733173,check,642,false,,,false
run,70,1774679745464,run,7482,true,,,false
run,71,1774679758426,run,7154,false,,,false
run,72,1774679771395,run,7605,false,,,false
run,73,1774679784930,run,7440,true,,,false
run,74,1774679798308,run,7519,true,,,false
cache/invalidate,75,1774679809524,cache/invalidate,44,false,,,false
run,76,1774679829245,run,7556,false,,,false
run,77,1774679847197,run,600,true,,,false
cache/invalidate,78,1774679852938,cache/invalidate,51,false,,,false
run,79,1774679855313,run,544,true,,,false
run,80,1774679876882,run,7266,false,,,false
run,81,1774679894746,run,7246,false,,,false
lib/core/tests/str/str_new_methods.test.tml,82,1774679912910,lib/core/tests/str/str_new_methods.test.tml,936,false,,lib/core/tests/str/str_new_methods.test.tml,false
lib/core/tests/str/str_new_methods.test.tml,83,1774679920781,lib/core/tests/str/str_new_methods.test.tml,1585,false,,lib/core/tests/str/str_new_methods.test.tml,false
lib/core/tests/str/str_split_once.test.tml,84,1774679940188,lib/core/tests/str/str_split_once.test.tml,1167,false,,lib/core/tests/str/str_split_once.test.tml,false
lib/core/tests/str/str_standalone.test.tml,85,1774679960452,lib/core/tests/str/str_standalone.test.tml,925,false,,lib/core/tests/str/str_standalone.test.tml,false
run,86,1774679989021,run,8212,false,,,false
run,87,1774680015602,run,8902,false,,,false
docs/list,88,1774683035793,docs/list,2823,false,,,false
docs/list,89,1774683035800,docs/list,3,false,,,false
docs/list,90,1774683045575,docs/list,4,false,,,false
docs/list,91,1774683045902,docs/list,3,false,,,false
docs/search,92,1774683048606,docs/search,61,false,,,false
docs/search,93,1774683051013,docs/search,82,false,,,false
docs/list,94,1774683051375,docs/list,4,false,,,false
docs/list,95,1774683056970,docs/list,3,false,,,false
docs/search,96,1774683057545,docs/search,48,false,,,false
docs/search,97,1774683058170,docs/search,54,false,,,false
docs/search,98,1774683058630,docs/search,171,false,,,false
docs/get,99,1774683067663,docs/get,2907,false,,,false
docs/get,100,1774683067673,docs/get,6,false,,,false
docs/search,101,1774683085697,docs/search,2863,false,,,false
lib/std/tests/collections/hashmap_extras.test.tml,102,1774683094082,lib/std/tests/collections/hashmap_extras.test.tml,5285,false,,lib/std/tests/collections/hashmap_extras.test.tml,false
docs/get,103,1774683098190,docs/get,4,false,,,false
lib/std/tests/collections/hashmap_extras.test.tml,104,1774683100791,lib/std/tests/collections/hashmap_extras.test.tml,1104,false,,lib/std/tests/collections/hashmap_extras.test.tml,false
docs/search,105,1774683102848,docs/search,109,false,,,false
check,106,1774683120639,check,1973,false,,,false
lib/std/tests/collections/hashmap_extras.test.tml,107,1774683131729,lib/std/tests/collections/hashmap_extras.test.tml,6428,false,,lib/std/tests/collections/hashmap_extras.test.tml,false
lib/std/tests/sync/sync_channel_basic.test.tml,108,1774683138557,lib/std/tests/sync/sync_channel_basic.test.tml,1916,false,,lib/std/tests/sync/sync_channel_basic.test.tml,true
lib/std/tests/collections/hashmap_extras.test.tml,109,1774683154277,lib/std/tests/collections/hashmap_extras.test.tml,5872,false,,lib/std/tests/collections/hashmap_extras.test.tml,false
lib/std/tests/collections/hashmap_extras.test.tml,110,1774683172196,lib/std/tests/collections/hashmap_extras.test.tml,5643,false,,lib/std/tests/collections/hashmap_extras.test.tml,false
.sandbox/sync_channel_test.tml,111,1774683172313,.sandbox/sync_channel_test.tml,117,false,,.sandbox/sync_channel_test.tml,true
.sandbox/sync_channel_test.tml,112,1774683181511,.sandbox/sync_channel_test.tml,117,false,,.sandbox/sync_channel_test.tml,true
lib/std/tests/sync/sync_channel_basic.test.tml,113,1774683193059,lib/std/tests/sync/sync_channel_basic.test.tml,8054,false,,lib/std/tests/sync/sync_channel_basic.test.tml,true
lib/std/tests/collections/hashmap_extras.test.tml,114,1774683198494,lib/std/tests/collections/hashmap_extras.test.tml,5434,false,,lib/std/tests/collections/hashmap_extras.test.tml,false
lib/std/tests/sync/sync_channel_basic.test.tml,115,1774683206090,lib/std/tests/sync/sync_channel_basic.test.tml,778,false,,lib/std/tests/sync/sync_channel_basic.test.tml,true
lib/std/tests/sync/sync_channel_basic.test.tml,116,1774683216503,lib/std/tests/sync/sync_channel_basic.test.tml,7543,false,,lib/std/tests/sync/sync_channel_basic.test.tml,true
lib/std/tests/collections/hashmap_extras.test.tml,117,1774683221935,lib/std/tests/collections/hashmap_extras.test.tml,5431,false,,lib/std/tests/collections/hashmap_extras.test.tml,false
lib/std/tests/sync/mpsc_extra.test.tml,118,1774683223147,lib/std/tests/sync/mpsc_extra.test.tml,709,false,,lib/std/tests/sync/mpsc_extra.test.tml,false
lib/std/tests/collections/hashmap_extras.test.tml,119,1774683242242,lib/std/tests/collections/hashmap_extras.test.tml,5337,false,,lib/std/tests/collections/hashmap_extras.test.tml,true
lib/std/tests/sync/sync_channel_try_send.test.tml,120,1774683242886,lib/std/tests/sync/sync_channel_try_send.test.tml,643,false,,lib/std/tests/sync/sync_channel_try_send.test.tml,true
docs/get,121,1774683249667,docs/get,2850,false,,,false
lib/std/tests/collections/hashmap_extras.test.tml,122,1774683265090,lib/std/tests/collections/hashmap_extras.test.tml,6272,false,,lib/std/tests/collections/hashmap_extras.test.tml,false
lib/std/tests/collections/hashmap_extras.test.tml,123,1774683284252,lib/std/tests/collections/hashmap_extras.test.tml,5591,false,,lib/std/tests/collections/hashmap_extras.test.tml,false
check,124,1774683286913,check,1755,false,,,false
lib/std/tests/collections/hashmap_extras.test.tml,125,1774683302071,lib/std/tests/collections/hashmap_extras.test.tml,5475,false,,lib/std/tests/collections/hashmap_extras.test.tml,false
lib/std/tests/sync/sync_channel_iter.test.tml,126,1774683302734,lib/std/tests/sync/sync_channel_iter.test.tml,662,false,,lib/std/tests/sync/sync_channel_iter.test.tml,true
check,127,1774683338603,check,1009,true,,,false
lib/std/tests/collections/hashmap_extras.test.tml,128,1774683344527,lib/std/tests/collections/hashmap_extras.test.tml,5165,false,,lib/std/tests/collections/hashmap_extras.test.tml,false
lib/std/tests/collections/hashmap_keys.test.tml,129,1774683349922,lib/std/tests/collections/hashmap_keys.test.tml,5387,false,,lib/std/tests/collections/hashmap_keys.test.tml,false
lib/std/tests/collections/hashmap_get_or_set.test.tml,130,1774683401016,lib/std/tests/collections/hashmap_get_or_set.test.tml,5346,false,,lib/std/tests/collections/hashmap_get_or_set.test.tml,false
check,131,1774683403531,check,998,true,,,false
lib/std/tests/collections/hashmap_retain.test.tml,132,1774683419196,lib/std/tests/collections/hashmap_retain.test.tml,5682,false,,lib/std/tests/collections/hashmap_retain.test.tml,false
lib/core/tests/types/maybe_extras.test.tml,133,1774683437797,lib/core/tests/types/maybe_extras.test.tml,582,false,,lib/core/tests/types/maybe_extras.test.tml,true
lib/std/tests/collections/hashmap_drain.test.tml,134,1774683447366,lib/std/tests/collections/hashmap_drain.test.tml,5776,false,,lib/std/tests/collections/hashmap_drain.test.tml,false
lib/core/tests/types/maybe_replace.test.tml,135,1774683448198,lib/core/tests/types/maybe_replace.test.tml,504,false,,lib/core/tests/types/maybe_replace.test.tml,true
lib/core/tests/types/maybe_get_or_insert.test.tml,136,1774683456681,lib/core/tests/types/maybe_get_or_insert.test.tml,487,false,,lib/core/tests/types/maybe_get_or_insert.test.tml,true
lib/std/tests/collections/hashmap_extend.test.tml,137,1774683466145,lib/std/tests/collections/hashmap_extend.test.tml,5025,false,,lib/std/tests/collections/hashmap_extend.test.tml,false
lib/core/tests/types/maybe_get_or_insert.test.tml,138,1774683468210,lib/core/tests/types/maybe_get_or_insert.test.tml,970,false,,lib/core/tests/types/maybe_get_or_insert.test.tml,true
lib/std/tests/collections/hashmap_extend.test.tml,139,1774683486323,lib/std/tests/collections/hashmap_extend.test.tml,823,false,,lib/std/tests/collections/hashmap_extend.test.tml,false
lib/std/tests/collections/hashmap_extend.test.tml,140,1774683504438,lib/std/tests/collections/hashmap_extend.test.tml,810,false,,lib/std/tests/collections/hashmap_extend.test.tml,false
lib/core/tests/types/maybe_get_or_insert.test.tml,141,1774683509697,lib/core/tests/types/maybe_get_or_insert.test.tml,1254,false,,lib/core/tests/types/maybe_get_or_insert.test.tml,true
cache/invalidate,142,1774683519212,cache/invalidate,46,false,,,false
lib/std/tests/collections/hashmap_extend.test.tml,143,1774683524460,lib/std/tests/collections/hashmap_extend.test.tml,725,false,,lib/std/tests/collections/hashmap_extend.test.tml,false
lib/std/tests/collections/hashmap_keys.test.tml,144,1774683532525,lib/std/tests/collections/hashmap_keys.test.tml,1042,false,,lib/std/tests/collections/hashmap_keys.test.tml,false
lib/std/tests/collections/hashmap_extend.test.tml,145,1774683552850,lib/std/tests/collections/hashmap_extend.test.tml,5711,false,,lib/std/tests/collections/hashmap_extend.test.tml,false
lib/core/tests/types/maybe_get_or_insert.test.tml,146,1774683554097,lib/core/tests/types/maybe_get_or_insert.test.tml,1246,false,,lib/core/tests/types/maybe_get_or_insert.test.tml,true
lib/std/tests/collections/hashmap_drain.test.tml,147,1774683572141,lib/std/tests/collections/hashmap_drain.test.tml,5477,false,,lib/std/tests/collections/hashmap_drain.test.tml,false
check,148,1774683574684,check,594,false,,,false
lib/std/tests/collections/hashmap_extras.test.tml,149,1774683579236,lib/std/tests/collections/hashmap_extras.test.tml,1048,false,,lib/std/tests/collections/hashmap_extras.test.tml,false
lib/std/tests/collections/hashmap_keys.test.tml,150,1774683580289,lib/std/tests/collections/hashmap_keys.test.tml,1049,false,,lib/std/tests/collections/hashmap_keys.test.tml,false
lib/std/tests/collections/hashmap_get_or_set.test.tml,151,1774683581324,lib/std/tests/collections/hashmap_get_or_set.test.tml,1031,false,,lib/std/tests/collections/hashmap_get_or_set.test.tml,false
lib/std/tests/collections/hashmap_retain.test.tml,152,1774683582357,lib/std/tests/collections/hashmap_retain.test.tml,1030,false,,lib/std/tests/collections/hashmap_retain.test.tml,false
lib/std/tests/collections/hashmap_drain.test.tml,153,1774683583404,lib/std/tests/collections/hashmap_drain.test.tml,1043,false,,lib/std/tests/collections/hashmap_drain.test.tml,false
lib/core/tests/types/maybe_get_or_insert.test.tml,154,1774683589055,lib/core/tests/types/maybe_get_or_insert.test.tml,5651,false,,lib/core/tests/types/maybe_get_or_insert.test.tml,true
lib/std/tests/collections/hashmap_extend.test.tml,155,1774683590264,lib/std/tests/collections/hashmap_extend.test.tml,1209,false,,lib/std/tests/collections/hashmap_extend.test.tml,false
lib/std/tests/file/binary_io.test.tml,156,1774683595552,lib/std/tests/file/binary_io.test.tml,586,false,,lib/std/tests/file/binary_io.test.tml,false
lib/std/tests/collections/hashmap_basic.test.tml,157,1774683603140,lib/std/tests/collections/hashmap_basic.test.tml,5588,false,,lib/std/tests/collections/hashmap_basic.test.tml,false
lib/std/tests/file/binary_io.test.tml,158,1774683603665,lib/std/tests/file/binary_io.test.tml,524,false,,lib/std/tests/file/binary_io.test.tml,false
check,159,1774683604106,check,440,false,,,false
lib/std/tests/collections/hashmap_iter.test.tml,160,1774683610742,lib/std/tests/collections/hashmap_iter.test.tml,6636,false,,lib/std/tests/collections/hashmap_iter.test.tml,false
lib/core/tests/types/maybe_replace.test.tml,161,1774683611250,lib/core/tests/types/maybe_replace.test.tml,507,false,,lib/core/tests/types/maybe_replace.test.tml,true
lib/std/tests/file/binary_io.test.tml,162,1774683626327,lib/std/tests/file/binary_io.test.tml,15076,false,,lib/std/tests/file/binary_io.test.tml,false
lib/std/tests/collections/hashmap_str_str.test.tml,163,1774683632197,lib/std/tests/collections/hashmap_str_str.test.tml,5870,false,,lib/std/tests/collections/hashmap_str_str.test.tml,false
lib/core/tests/types/maybe_get_or_insert.test.tml,164,1774683632871,lib/core/tests/types/maybe_get_or_insert.test.tml,673,false,,lib/core/tests/types/maybe_get_or_insert.test.tml,true
lib/std/tests/file/binary_io.test.tml,165,1774683634043,lib/std/tests/file/binary_io.test.tml,1172,false,,lib/std/tests/file/binary_io.test.tml,false
lib/std/tests/collections/hashmap_i32_i32.test.tml,166,1774683639779,lib/std/tests/collections/hashmap_i32_i32.test.tml,5735,false,,lib/std/tests/collections/hashmap_i32_i32.test.tml,false
lib/core/tests/types/maybe_get_or_insert.test.tml,167,1774683640441,lib/core/tests/types/maybe_get_or_insert.test.tml,661,false,,lib/core/tests/types/maybe_get_or_insert.test.tml,true
lib/std/tests/file/binary_io.test.tml,168,1774683641597,lib/std/tests/file/binary_io.test.tml,1155,false,,lib/std/tests/file/binary_io.test.tml,false
std/file,169,1774683774975,std/file,119898,false,,std/file,false
lib/core/tests/types/maybe_get_or_insert.test.tml,170,1774683776309,lib/core/tests/types/maybe_get_or_insert.test.tml,1333,false,,lib/core/tests/types/maybe_get_or_insert.test.tml,true
lib/core/tests/types/maybe_replace.test.tml,171,1774683785572,lib/core/tests/types/maybe_replace.test.tml,5681,false,,lib/core/tests/types/maybe_replace.test.tml,false
cache/invalidate,172,1774683785572,cache/invalidate,0,true,,,false
lib/core/tests/types/maybe_replace.test.tml,173,1774683792786,lib/core/tests/types/maybe_replace.test.tml,590,false,,lib/core/tests/types/maybe_replace.test.tml,false
lib/std/tests/file/binary_io.test.tml,174,1774683797823,lib/std/tests/file/binary_io.test.tml,1216,false,,lib/std/tests/file/binary_io.test.tml,false
docs/list,175,1774683800860,docs/list,3036,false,,,false
lib/core/tests/types/maybe_get_or_insert.test.tml,176,1774683822765,lib/core/tests/types/maybe_get_or_insert.test.tml,723,false,,lib/core/tests/types/maybe_get_or_insert.test.tml,false
check,177,1774683839480,check,491,false,,,false
lib/core/tests/types/maybe_replace_isolated.test.tml,178,1774683844541,lib/core/tests/types/maybe_replace_isolated.test.tml,5060,false,,lib/core/tests/types/maybe_replace_isolated.test.tml,false
lib/std/tests/file/dir_ops.test.tml,179,1774683889241,lib/std/tests/file/dir_ops.test.tml,17038,false,,lib/std/tests/file/dir_ops.test.tml,false
docs/search,180,1774683892211,docs/search,2970,false,,,false
lib/core/tests/types/maybe_replace_isolated.test.tml,181,1774683912578,lib/core/tests/types/maybe_replace_isolated.test.tml,742,false,,lib/core/tests/types/maybe_replace_isolated.test.tml,false
lib/core/tests/types/maybe_replace_isolated.test.tml,182,1774683921506,lib/core/tests/types/maybe_replace_isolated.test.tml,752,false,,lib/core/tests/types/maybe_replace_isolated.test.tml,false
docs/search,183,1774683929918,docs/search,2994,false,,,false
check,0,1774683963148,check,510,false,,,false
check,1,1774683964750,check,601,false,,,false
lib/std/tests/file/metadata.test.tml,2,1774683992509,lib/std/tests/file/metadata.test.tml,12850,false,,lib/std/tests/file/metadata.test.tml,false
lib/std/tests/file/metadata.test.tml,3,1774683998308,lib/std/tests/file/metadata.test.tml,1185,true,,lib/std/tests/file/metadata.test.tml,true
lib/core/tests/types/maybe_replace_isolated.test.tml,4,1774683999744,lib/core/tests/types/maybe_replace_isolated.test.tml,691,false,,lib/core/tests/types/maybe_replace_isolated.test.tml,false
lib/std/tests/file/metadata.test.tml,5,1774684028707,lib/std/tests/file/metadata.test.tml,13409,false,,lib/std/tests/file/metadata.test.tml,false
lib/core/tests/types/maybe_replace_isolated.test.tml,6,1774684029410,lib/core/tests/types/maybe_replace_isolated.test.tml,703,false,,lib/core/tests/types/maybe_replace_isolated.test.tml,false
docs/search,7,1774684042126,docs/search,2962,false,,,false
lib/std/tests/file/metadata.test.tml,8,1774684055586,lib/std/tests/file/metadata.test.tml,13459,false,,lib/std/tests/file/metadata.test.tml,false
docs/search,9,1774684058288,docs/search,160,false,,,false
docs/search,10,1774684062355,docs/search,100,false,,,false
lib/core/tests/types/maybe_replace.test.tml,11,1774684076892,lib/core/tests/types/maybe_replace.test.tml,549,false,,lib/core/tests/types/maybe_replace.test.tml,false
check,12,1774684131235,check,1039,true,,,false
lib/core/tests/types/maybe_replace_isolated.test.tml,13,1774684135389,lib/core/tests/types/maybe_replace_isolated.test.tml,657,false,,lib/core/tests/types/maybe_replace_isolated.test.tml,false
check,14,1774684156937,check,427,false,,,false
run,0,1774684178679,run,6630,false,,,false
run,1,1774684194618,run,5448,true,,,false
check,2,1774684222730,check,1025,true,,,false
lib/core/tests/types/maybe_replace_isolated.test.tml,3,1774684229335,lib/core/tests/types/maybe_replace_isolated.test.tml,670,false,,lib/core/tests/types/maybe_replace_isolated.test.tml,false
run,4,1774684258893,run,6383,true,,,false
lib/core/tests/types/maybe_replace.test.tml,5,1774684414206,lib/core/tests/types/maybe_replace.test.tml,6085,false,,lib/core/tests/types/maybe_replace.test.tml,true
core/types,6,1774684468658,core/types,50764,false,,core/types,false
core/types,7,1774684474425,core/types,3326,false,,core/types,true
lib/core/tests/types/maybe_extras.test.tml,8,1774684479022,lib/core/tests/types/maybe_extras.test.tml,842,false,,lib/core/tests/types/maybe_extras.test.tml,false
lib/core/tests/types/maybe_extras.test.tml,9,1774684483424,lib/core/tests/types/maybe_extras.test.tml,827,false,,lib/core/tests/types/maybe_extras.test.tml,true
check,10,1774684496510,check,617,true,,,false
check,11,1774684510438,check,615,false,,,false
lib/core/tests/types/maybe_extras.test.tml,12,1774684527518,lib/core/tests/types/maybe_extras.test.tml,5805,false,,lib/core/tests/types/maybe_extras.test.tml,false
lib/core/tests/types/maybe_get_or_insert.test.tml,13,1774684536088,lib/core/tests/types/maybe_get_or_insert.test.tml,6205,false,,lib/core/tests/types/maybe_get_or_insert.test.tml,false
lib/core/tests/types/maybe_replace.test.tml,14,1774684539424,lib/core/tests/types/maybe_replace.test.tml,1130,false,,lib/core/tests/types/maybe_replace.test.tml,false
lib/core/tests/types/maybe_replace.test.tml,0,1774684562556,lib/core/tests/types/maybe_replace.test.tml,1132,false,,lib/core/tests/types/maybe_replace.test.tml,false
lib/core/tests/types/maybe_replace_isolated.test.tml,1,1774684572306,lib/core/tests/types/maybe_replace_isolated.test.tml,5626,false,,lib/core/tests/types/maybe_replace_isolated.test.tml,false
check,2,1774684586636,check,572,false,,,false
lib/core/tests/types/maybe_unzip.test.tml,3,1774684594771,lib/core/tests/types/maybe_unzip.test.tml,5539,false,,lib/core/tests/types/maybe_unzip.test.tml,false
check,0,1774684730972,check,490,false,,,false
lib/core/tests/types/maybe_extras.test.tml,1,1774684734818,lib/core/tests/types/maybe_extras.test.tml,1160,false,,lib/core/tests/types/maybe_extras.test.tml,false
lib/core/tests/types/maybe_replace.test.tml,2,1774684738303,lib/core/tests/types/maybe_replace.test.tml,1166,false,,lib/core/tests/types/maybe_replace.test.tml,false
lib/core/tests/types/maybe_replace.test.tml,3,1774684745831,lib/core/tests/types/maybe_replace.test.tml,694,false,,lib/core/tests/types/maybe_replace.test.tml,false
lib/std/tests/sync/sync_channel_basic.test.tml,4,1774684766594,lib/std/tests/sync/sync_channel_basic.test.tml,16742,false,,lib/std/tests/sync/sync_channel_basic.test.tml,false
lib/std/tests/sync/sync_channel_try_send.test.tml,5,1774684785805,lib/std/tests/sync/sync_channel_try_send.test.tml,16226,false,,lib/std/tests/sync/sync_channel_try_send.test.tml,false
lib/std/tests/sync/sync_channel_iter.test.tml,6,1774684806393,lib/std/tests/sync/sync_channel_iter.test.tml,18638,false,,lib/std/tests/sync/sync_channel_iter.test.tml,false
docs/list,7,1774688476430,docs/list,2865,false,,,false
docs/search,8,1774688476502,docs/search,67,false,,,false
docs/search,9,1774688476721,docs/search,215,false,,,false
docs/list,10,1774688491094,docs/list,6,false,,,false
docs/search,11,1774688492254,docs/search,224,false,,,false
docs/search,12,1774688492497,docs/search,239,false,,,false
docs/get,13,1774688497376,docs/get,7,false,,,false
docs/get,14,1774688497870,docs/get,6,false,,,false
docs/list,15,1774688497880,docs/list,5,false,,,false
docs/search,16,1774688512514,docs/search,170,false,,,false
docs/list,17,1774688512657,docs/list,5,false,,,false
docs/search,18,1774688519504,docs/search,41,false,,,false
docs/list,19,1774688549288,docs/list,3519,false,,,false
check,20,1774688554517,check,535,true,,,false
docs/search,21,1774688564687,docs/search,107,false,,,false
lib/core/tests/iter/iter_max_min.test.tml,22,1774688569497,lib/core/tests/iter/iter_max_min.test.tml,802,false,,lib/core/tests/iter/iter_max_min.test.tml,false
lib/core/tests/iter/iter_max_min.test.tml,23,1774688578510,lib/core/tests/iter/iter_max_min.test.tml,537,false,,lib/core/tests/iter/iter_max_min.test.tml,false
lib/core/tests/iter/iter_max_min.test.tml,24,1774688592182,lib/core/tests/iter/iter_max_min.test.tml,9772,false,,lib/core/tests/iter/iter_max_min.test.tml,false
docs/get,25,1774688592190,docs/get,7,false,,,false
.sandbox/test_max_by.test.tml,26,1774688636246,.sandbox/test_max_by.test.tml,155,false,,.sandbox/test_max_by.test.tml,false
check,27,1774688651911,check,1412,true,,,false
lib/core/tests/iter/iter_max_min.test.tml,28,1774688660318,lib/core/tests/iter/iter_max_min.test.tml,6103,true,,lib/core/tests/iter/iter_max_min.test.tml,true
lib/std/tests/thread/thread_sleep_duration.test.tml,29,1774688665948,lib/std/tests/thread/thread_sleep_duration.test.tml,716,false,,lib/std/tests/thread/thread_sleep_duration.test.tml,false
check,30,1774688671519,check,529,false,,,false
lib/core/tests/iter/iter_max_min.test.tml,31,1774688672275,lib/core/tests/iter/iter_max_min.test.tml,755,false,,lib/core/tests/iter/iter_max_min.test.tml,false
lib/std/tests/thread/thread_sleep_duration.test.tml,32,1774688678414,lib/std/tests/thread/thread_sleep_duration.test.tml,6138,false,,lib/std/tests/thread/thread_sleep_duration.test.tml,false
lib/std/tests/thread/thread_sleep_duration.test.tml,33,1774688683319,lib/std/tests/thread/thread_sleep_duration.test.tml,751,false,,lib/std/tests/thread/thread_sleep_duration.test.tml,false
lib/core/tests/iter/iter_max_min.test.tml,34,1774688688968,lib/core/tests/iter/iter_max_min.test.tml,5604,false,,lib/core/tests/iter/iter_max_min.test.tml,false
lib/std/tests/thread/thread_sleep_duration.test.tml,35,1774688690192,lib/std/tests/thread/thread_sleep_duration.test.tml,1223,false,,lib/std/tests/thread/thread_sleep_duration.test.tml,false
lib/core/tests/iter/iter_max_min.test.tml,36,1774688703446,lib/core/tests/iter/iter_max_min.test.tml,5154,false,,lib/core/tests/iter/iter_max_min.test.tml,false
lib/core/tests/io/io_traits.test.tml,37,1774688709460,lib/core/tests/io/io_traits.test.tml,1136,false,,lib/core/tests/io/io_traits.test.tml,false
check,38,1774688711844,check,38,true,,,false
check,39,1774688721333,check,656,false,,,false
docs/search,40,1774688727986,docs/search,3473,false,,,false
lib/core/tests/io/io_traits.test.tml,41,1774688736443,lib/core/tests/io/io_traits.test.tml,8456,false,,lib/core/tests/io/io_traits.test.tml,false
lib/std/tests/thread/thread_spawn_basic.test.tml,42,1774688737242,lib/std/tests/thread/thread_spawn_basic.test.tml,799,false,,lib/std/tests/thread/thread_spawn_basic.test.tml,false
cache/invalidate,43,1774688737290,cache/invalidate,48,false,,,false
lib/core/tests/iter/iter_max_min.test.tml,44,1774688745949,lib/core/tests/iter/iter_max_min.test.tml,5394,false,,lib/core/tests/iter/iter_max_min.test.tml,false
lib/core/tests/io/io_traits.test.tml,45,1774688748724,lib/core/tests/io/io_traits.test.tml,1222,false,,lib/core/tests/io/io_traits.test.tml,true
check,46,1774688759242,check,975,true,,,false
lib/core/tests/io/io_traits.test.tml,47,1774688768257,lib/core/tests/io/io_traits.test.tml,9015,false,,lib/core/tests/io/io_traits.test.tml,false
lib/core/tests/iter/iter_max_min.test.tml,0,1774688795969,lib/core/tests/iter/iter_max_min.test.tml,5372,false,,lib/core/tests/iter/iter_max_min.test.tml,false
docs/search,1,1774688799690,docs/search,3721,false,,,false
check,2,1774688800431,check,741,false,,,false
docs/get,3,1774688801018,docs/get,8,false,,,false
lib/core/tests/io/io_traits.test.tml,4,1774688812734,lib/core/tests/io/io_traits.test.tml,8962,false,,lib/core/tests/io/io_traits.test.tml,false
docs/search,5,1774688812871,docs/search,137,false,,,false
docs/get,6,1774688812880,docs/get,8,false,,,false
docs/search,7,1774688817251,docs/search,117,false,,,false
.sandbox/test_io_minimal.test.tml,8,1774688855608,.sandbox/test_io_minimal.test.tml,137,false,,.sandbox/test_io_minimal.test.tml,false
.sandbox/test_io_read.test.tml,9,1774688869937,.sandbox/test_io_read.test.tml,127,false,,.sandbox/test_io_read.test.tml,false
lib/core/tests/io/io_read_basic.test.tml,10,1774688887818,lib/core/tests/io/io_read_basic.test.tml,8034,false,,lib/core/tests/io/io_read_basic.test.tml,false
lib/core/tests/iter/iter_traits.test.tml,11,1774688913506,lib/core/tests/iter/iter_traits.test.tml,12301,false,,lib/core/tests/iter/iter_traits.test.tml,false
lib/core/tests/io/io_write_basic.test.tml,12,1774688914093,lib/core/tests/io/io_write_basic.test.tml,587,false,,lib/core/tests/io/io_write_basic.test.tml,false
check,13,1774688915608,check,1514,true,,,false
lib/core/tests/iter/iter_for_each.test.tml,14,1774688924763,lib/core/tests/iter/iter_for_each.test.tml,6209,false,,lib/core/tests/iter/iter_for_each.test.tml,false
lib/core/tests/io/io_error_reexport.test.tml,15,1774688925388,lib/core/tests/io/io_error_reexport.test.tml,625,false,,lib/core/tests/io/io_error_reexport.test.tml,false
lib/std/tests/thread/thread_builder_spawn_real.test.tml,16,1774688936351,lib/std/tests/thread/thread_builder_spawn_real.test.tml,6130,false,,lib/std/tests/thread/thread_builder_spawn_real.test.tml,false
lib/std/tests/thread/thread_builder_spawn_real.test.tml,17,1774688947979,lib/std/tests/thread/thread_builder_spawn_real.test.tml,6185,true,,lib/std/tests/thread/thread_builder_spawn_real.test.tml,true
lib/core/tests/iter/iter_max_min.test.tml,18,1774688953755,lib/core/tests/iter/iter_max_min.test.tml,5775,false,,lib/core/tests/iter/iter_max_min.test.tml,false
lib/core/tests/iter/iter_max_min.test.tml,19,1774688961181,lib/core/tests/iter/iter_max_min.test.tml,843,true,,lib/core/tests/iter/iter_max_min.test.tml,true
check,20,1774688963791,check,483,false,,,false
lib/core/tests/iter/iter_max_min.test.tml,21,1774688980924,lib/core/tests/iter/iter_max_min.test.tml,6880,false,,lib/core/tests/iter/iter_max_min.test.tml,false
lib/core/tests/ascii/ascii_functions.test.tml,22,1774688986794,lib/core/tests/ascii/ascii_functions.test.tml,594,false,,lib/core/tests/ascii/ascii_functions.test.tml,false
check,23,1774689014653,check,537,false,,,false
lib/core/tests/iter/iter_max_min.test.tml,24,1774689023329,lib/core/tests/iter/iter_max_min.test.tml,1248,false,,lib/core/tests/iter/iter_max_min.test.tml,false
check,25,1774689029382,check,1508,true,,,false
lib/std/tests/thread/thread_builder_spawn_real.test.tml,26,1774689040384,lib/std/tests/thread/thread_builder_spawn_real.test.tml,6836,false,,lib/std/tests/thread/thread_builder_spawn_real.test.tml,false
lib/core/tests/iter/iter_max_min.test.tml,27,1774689047022,lib/core/tests/iter/iter_max_min.test.tml,6637,false,,lib/core/tests/iter/iter_max_min.test.tml,false
check,28,1774689071844,check,795,true,,,false
lib/core/tests/iter/iter_max_min.test.tml,29,1774689091447,lib/core/tests/iter/iter_max_min.test.tml,7050,false,,lib/core/tests/iter/iter_max_min.test.tml,false
lib/std/tests/thread/thread_builder_spawn_real.test.tml,30,1774689098377,lib/std/tests/thread/thread_builder_spawn_real.test.tml,6930,false,,lib/std/tests/thread/thread_builder_spawn_real.test.tml,false
check,31,1774689099145,check,768,true,,,false
lib/core/tests/iter/iter_max_min.test.tml,32,1774689134785,lib/core/tests/iter/iter_max_min.test.tml,6649,false,,lib/core/tests/iter/iter_max_min.test.tml,false
check,33,1774689135518,check,733,true,,,false
lib/core/tests/iter/iter_max_min.test.tml,34,1774689156711,lib/core/tests/iter/iter_max_min.test.tml,6129,false,,lib/core/tests/iter/iter_max_min.test.tml,false
check,35,1774689164486,check,673,true,,,false
check,36,1774689170081,check,449,false,,,false
lib/std/tests/thread/thread_builder_spawn_real.test.tml,37,1774689182464,lib/std/tests/thread/thread_builder_spawn_real.test.tml,7285,false,,lib/std/tests/thread/thread_builder_spawn_real.test.tml,false
lib/core/tests/iter/iter_max_min.test.tml,38,1774689195261,lib/core/tests/iter/iter_max_min.test.tml,6374,false,,lib/core/tests/iter/iter_max_min.test.tml,false
lib/std/tests/thread/thread_spawn_compute_real.test.tml,39,1774689201829,lib/std/tests/thread/thread_spawn_compute_real.test.tml,6568,false,,lib/std/tests/thread/thread_spawn_compute_real.test.tml,false
lib/core/tests/iter/iter_max_min.test.tml,40,1774689222406,lib/core/tests/iter/iter_max_min.test.tml,5300,false,,lib/core/tests/iter/iter_max_min.test.tml,false
lib/core/tests/iter/iter_max_min.test.tml,41,1774689242219,lib/core/tests/iter/iter_max_min.test.tml,6408,false,,lib/core/tests/iter/iter_max_min.test.tml,false
check,42,1774689242746,check,526,false,,,false
lib/core/tests/random/random_trait.test.tml,43,1774689257115,lib/core/tests/random/random_trait.test.tml,11186,false,,lib/core/tests/random/random_trait.test.tml,false
lib/core/tests/iter/iter_max_min.test.tml,44,1774689263798,lib/core/tests/iter/iter_max_min.test.tml,6682,false,,lib/core/tests/iter/iter_max_min.test.tml,false
lib/core/tests/random/random_simple.test.tml,45,1774689278628,lib/core/tests/random/random_simple.test.tml,991,false,,lib/core/tests/random/random_simple.test.tml,false
lib/core/tests/random/random_behavior.test.tml,0,1774689318533,lib/core/tests/random/random_behavior.test.tml,952,false,,lib/core/tests/random/random_behavior.test.tml,false
lib/core/tests/iter/iter_extras.test.tml,1,1774689359017,lib/core/tests/iter/iter_extras.test.tml,8440,false,,lib/core/tests/iter/iter_extras.test.tml,false
check,2,1774689372699,check,557,true,,,false
check,3,1774689381560,check,571,false,,,false
lib/std/tests/thread/thread_builder_spawn_real.test.tml,0,1774689431802,lib/std/tests/thread/thread_builder_spawn_real.test.tml,7303,false,,lib/std/tests/thread/thread_builder_spawn_real.test.tml,false
lib/core/tests/ops/bool_methods.test.tml,1,1774689432539,lib/core/tests/ops/bool_methods.test.tml,737,false,,lib/core/tests/ops/bool_methods.test.tml,false
lib/std/tests/thread/thread_park_unpark.test.tml,2,1774689456151,lib/std/tests/thread/thread_park_unpark.test.tml,7101,false,,lib/std/tests/thread/thread_park_unpark.test.tml,false
lib/core/tests/ops/bool_methods.test.tml,3,1774689464404,lib/core/tests/ops/bool_methods.test.tml,5496,false,,lib/core/tests/ops/bool_methods.test.tml,false
lib/std/tests/thread/thread_park_timeout_only.test.tml,4,1774689473567,lib/std/tests/thread/thread_park_timeout_only.test.tml,5848,false,,lib/std/tests/thread/thread_park_timeout_only.test.tml,false
lib/core/tests/ops/bool_methods.test.tml,5,1774689482478,lib/core/tests/ops/bool_methods.test.tml,5617,true,,lib/core/tests/ops/bool_methods.test.tml,true
lib/std/tests/thread/thread_park_unpark.test.tml,6,1774689491904,lib/std/tests/thread/thread_park_unpark.test.tml,7082,false,,lib/std/tests/thread/thread_park_unpark.test.tml,false
lib/std/tests/thread/thread_park_preunpark.test.tml,7,1774689511230,lib/std/tests/thread/thread_park_preunpark.test.tml,6858,false,,lib/std/tests/thread/thread_park_preunpark.test.tml,false
lib/core/tests/ops/bool_methods.test.tml,8,1774689512163,lib/core/tests/ops/bool_methods.test.tml,932,false,,lib/core/tests/ops/bool_methods.test.tml,false
check,9,1774689516915,check,748,true,,,false
docs/get,10,1774689526642,docs/get,2892,false,,,false
lib/core/tests/ops/bool_methods.test.tml,11,1774689531521,lib/core/tests/ops/bool_methods.test.tml,4878,false,,lib/core/tests/ops/bool_methods.test.tml,false
docs/list,12,1774689532246,docs/list,4,false,,,false
check,13,1774689542426,check,740,true,,,false
lib/core/tests/ops/bool_methods.test.tml,14,1774689550882,lib/core/tests/ops/bool_methods.test.tml,6271,false,,lib/core/tests/ops/bool_methods.test.tml,false
docs/get,15,1774689554213,docs/get,3331,false,,,false
check,16,1774689562835,check,875,false,,,false
lib/core/tests/types/unit_impls.test.tml,17,1774689565297,lib/core/tests/types/unit_impls.test.tml,1184,false,,lib/core/tests/types/unit_impls.test.tml,false
docs/search,18,1774689580634,docs/search,3073,false,,,false
lib/core/tests/alloc/heap_extras.test.tml,19,1774689583544,lib/core/tests/alloc/heap_extras.test.tml,1034,false,,lib/core/tests/alloc/heap_extras.test.tml,false
lib/core/tests/alloc/heap_into_pin.test.tml,20,1774689592096,lib/core/tests/alloc/heap_into_pin.test.tml,548,false,,lib/core/tests/alloc/heap_into_pin.test.tml,true
check,0,1774689601595,check,497,false,,,false
lib/std/tests/thread/thread_panicking.test.tml,1,1774689612012,lib/std/tests/thread/thread_panicking.test.tml,4921,false,,lib/std/tests/thread/thread_panicking.test.tml,false
lib/core/tests/prelude/prelude_basic.test.tml,2,1774689625643,lib/core/tests/prelude/prelude_basic.test.tml,12265,false,,lib/core/tests/prelude/prelude_basic.test.tml,false
check,3,1774689626591,check,947,false,,,false
lib/core/tests/iter/iter_for_each.test.tml,4,1774689636179,lib/core/tests/iter/iter_for_each.test.tml,5669,false,,lib/core/tests/iter/iter_for_each.test.tml,false
lib/core/tests/random/random_primitives.test.tml,5,1774689641722,lib/core/tests/random/random_primitives.test.tml,956,false,,lib/core/tests/random/random_primitives.test.tml,true
docs/search,6,1774689670377,docs/search,3032,false,,,false
docs/search,7,1774689674765,docs/search,160,false,,,false
docs/get,8,1774689678963,docs/get,8,false,,,false
check,9,1774689715321,check,1978,true,,,false
check,10,1774689723582,check,941,true,,,false
check,11,1774689739414,check,1674,true,,,false
docs/search,12,1774689747182,docs/search,3097,false,,,false
docs/search,13,1774689759156,docs/search,3104,false,,,false
docs/list,14,1774689762262,docs/list,4,false,,,false
check,15,1774689770067,check,1571,false,,,false
check,16,1774689823292,check,1021,true,,,false
check,17,1774689823989,check,696,true,,,false
docs/get,18,1774689844716,docs/get,3114,false,,,false
check,19,1774689845571,check,785,true,,,false
docs/search,20,1774689853268,docs/search,103,false,,,false
lib/std/tests/sync/arc_make_mut.test.tml,21,1774689866618,lib/std/tests/sync/arc_make_mut.test.tml,5758,false,,lib/std/tests/sync/arc_make_mut.test.tml,false
docs/search,22,1774689868444,docs/search,106,false,,,false
check,23,1774689888701,check,41,true,,,false
docs/search,24,1774689893001,docs/search,57,false,,,false
lib/std/tests/net/tcp_write_all.test.tml,25,1774689904146,lib/std/tests/net/tcp_write_all.test.tml,1425,false,,lib/std/tests/net/tcp_write_all.test.tml,false
check,26,1774689905939,check,480,true,,,false
check,27,1774689918182,check,520,false,,,false
lib/std/tests/net/tcp_write_all.test.tml,28,1774689932843,lib/std/tests/net/tcp_write_all.test.tml,13848,false,,lib/std/tests/net/tcp_write_all.test.tml,false
docs/search,29,1774689937255,docs/search,48,false,,,false
check,30,1774689937792,check,537,true,,,false
docs/get,31,1774689941677,docs/get,6,false,,,false
check,32,1774689944334,check,729,true,,,false
docs/list,33,1774689946119,docs/list,5,false,,,false
lib/std/tests/net/tcp_write_all.test.tml,34,1774689972280,lib/std/tests/net/tcp_write_all.test.tml,14289,false,,lib/std/tests/net/tcp_write_all.test.tml,false
lib/std/tests/net/tcp_write_all.test.tml,35,1774689978775,lib/std/tests/net/tcp_write_all.test.tml,1357,true,,lib/std/tests/net/tcp_write_all.test.tml,true
lib/std/tests/net/tcp_write_all.test.tml,36,1774690008722,lib/std/tests/net/tcp_write_all.test.tml,10481,false,,lib/std/tests/net/tcp_write_all.test.tml,false
check,37,1774690009547,check,824,false,,,false
lib/core/tests/alloc/heap_extras.test.tml,38,1774690016891,lib/core/tests/alloc/heap_extras.test.tml,618,false,,lib/core/tests/alloc/heap_extras.test.tml,false
lib/std/tests/net/tcp_write_all.test.tml,39,1774690029066,lib/std/tests/net/tcp_write_all.test.tml,8411,false,,lib/std/tests/net/tcp_write_all.test.tml,false
lib/core/tests/alloc/heap_into_pin.test.tml,40,1774690029973,lib/core/tests/alloc/heap_into_pin.test.tml,906,false,,lib/core/tests/alloc/heap_into_pin.test.tml,false
lib/std/tests/net/tcp_echo.test.tml,41,1774690034203,lib/std/tests/net/tcp_echo.test.tml,920,false,,lib/std/tests/net/tcp_echo.test.tml,false
check,42,1774690040385,check,1403,false,,,false
lib/std/tests/thread/thread_builder_spawn_real.test.tml,43,1774690062869,lib/std/tests/thread/thread_builder_spawn_real.test.tml,7535,false,,lib/std/tests/thread/thread_builder_spawn_real.test.tml,false
lib/std/tests/thread/thread_park_unpark.test.tml,44,1774690069097,lib/std/tests/thread/thread_park_unpark.test.tml,6222,false,,lib/std/tests/thread/thread_park_unpark.test.tml,false
lib/std/tests/thread/thread_sleep_duration.test.tml,45,1774690074730,lib/std/tests/thread/thread_sleep_duration.test.tml,5630,false,,lib/std/tests/thread/thread_sleep_duration.test.tml,false
check,46,1774690085216,check,864,true,,,false
check,47,1774690166167,check,1057,false,,,false
lib/core/tests/alloc/shared_weak.test.tml,48,1774690182861,lib/core/tests/alloc/shared_weak.test.tml,656,false,,lib/core/tests/alloc/shared_weak.test.tml,true
lib/core/tests/alloc/shared.test.tml,49,1774690187695,lib/core/tests/alloc/shared.test.tml,686,false,,lib/core/tests/alloc/shared.test.tml,false
lib/core/tests/alloc/shared_refcount.test.tml,50,1774690191361,lib/core/tests/alloc/shared_refcount.test.tml,592,false,,lib/core/tests/alloc/shared_refcount.test.tml,false
docs/search,51,1774690207266,docs/search,3252,false,,,false
docs/get,52,1774690210962,docs/get,4,false,,,false
docs/get,53,1774690218296,docs/get,3,false,,,false
check,54,1774690236791,check,447,false,,,false
run,55,1774690246550,run,6743,false,,,false
check,56,1774690308762,check,55,true,,,false
check,57,1774690377526,check,1042,false,,,false
lib/core/tests/alloc/sync_weak.test.tml,58,1774690397506,lib/core/tests/alloc/sync_weak.test.tml,848,false,,lib/core/tests/alloc/sync_weak.test.tml,true
lib/core/tests/alloc/sync.test.tml,59,1774690401904,lib/core/tests/alloc/sync.test.tml,1022,false,,lib/core/tests/alloc/sync.test.tml,false
lib/core/tests/alloc/sync_refcount.test.tml,60,1774690408484,lib/core/tests/alloc/sync_refcount.test.tml,522,false,,lib/core/tests/alloc/sync_refcount.test.tml,false
docs/list,61,1774690419461,docs/list,3169,false,,,false
docs/search,62,1774690442607,docs/search,111,false,,,false
check,63,1774690459412,check,818,true,,,false
check,64,1774690471095,check,808,true,,,false
check,65,1774690483233,check,448,false,,,false
run,66,1774690487398,run,850,false,,,false
check,67,1774690498853,check,453,false,,,false
run,68,1774690509500,run,8104,false,,,false
check,69,1774690516824,check,768,true,,,false
check,70,1774690535608,check,443,false,,,false
lib/core/tests/cell/cell_update.test.tml,71,1774690565743,lib/core/tests/cell/cell_update.test.tml,704,false,,lib/core/tests/cell/cell_update.test.tml,true
check,72,1774690589355,check,1857,true,,,false
lib/core/tests/cell/refcell_extras.test.tml,73,1774690620041,lib/core/tests/cell/refcell_extras.test.tml,644,false,,lib/core/tests/cell/refcell_extras.test.tml,true
lib/core/tests/cell/refcell_replace_with.test.tml,74,1774690630972,lib/core/tests/cell/refcell_replace_with.test.tml,601,false,,lib/core/tests/cell/refcell_replace_with.test.tml,true
check,75,1774690652635,check,581,true,,,false
check,76,1774690670641,check,571,false,,,false
lib/core/tests/cell/once_cell_extras.test.tml,77,1774690688666,lib/core/tests/cell/once_cell_extras.test.tml,612,false,,lib/core/tests/cell/once_cell_extras.test.tml,true
docs/list,78,1774690695918,docs/list,3644,false,,,false
check,79,1774690861910,check,455,true,,,false
check,80,1774690885602,check,506,true,,,false
check,81,1774690894244,check,499,true,,,false
lib/core/tests/cell/once_cell_extras.test.tml,82,1774690905958,lib/core/tests/cell/once_cell_extras.test.tml,516,false,,lib/core/tests/cell/once_cell_extras.test.tml,false
lib/core/tests/pin/pin_basic.test.tml,83,1774690914220,lib/core/tests/pin/pin_basic.test.tml,572,false,,lib/core/tests/pin/pin_basic.test.tml,false
lib/core/tests/pin/pin_extras.test.tml,84,1774690931046,lib/core/tests/pin/pin_extras.test.tml,495,false,,lib/core/tests/pin/pin_extras.test.tml,true
lib/core/tests/pin/pin_extras.test.tml,85,1774690946020,lib/core/tests/pin/pin_extras.test.tml,518,false,,lib/core/tests/pin/pin_extras.test.tml,true
docs/search,86,1774690991680,docs/search,3910,false,,,false
docs/search,87,1774690995152,docs/search,116,false,,,false
docs/search,88,1774691008990,docs/search,323,false,,,false
docs/search,89,1774691012171,docs/search,83,false,,,false
check,90,1774691062282,check,2590,true,,,false
docs/search,91,1774691073997,docs/search,5121,false,,,false
check,92,1774691113857,check,1649,false,,,false
check,93,1774691144831,check,874,false,,,false
lib/std/tests/collections/btreemap.test.tml,94,1774691149269,lib/std/tests/collections/btreemap.test.tml,1208,false,,lib/std/tests/collections/btreemap.test.tml,true
lib/std/tests/collections/btreemap_range.test.tml,95,1774691153528,lib/std/tests/collections/btreemap_range.test.tml,1682,false,,lib/std/tests/collections/btreemap_range.test.tml,true
check,96,1774691184774,check,41,true,,,false
lib/std/tests/collections/btreemap.test.tml,97,1774691331553,lib/std/tests/collections/btreemap.test.tml,701,false,,lib/std/tests/collections/btreemap.test.tml,true
run,98,1774691351963,run,6678,false,,,false
run,99,1774691379817,run,7847,false,,,false
run,100,1774691394719,run,7659,false,,,false
run,101,1774691421509,run,7780,false,,,false
lib/std/tests/collections/btreemap.test.tml,102,1774691430500,lib/std/tests/collections/btreemap.test.tml,4934,false,,lib/std/tests/collections/btreemap.test.tml,false
lib/std/tests/collections/btreemap.test.tml,103,1774691443557,lib/std/tests/collections/btreemap.test.tml,633,false,,lib/std/tests/collections/btreemap.test.tml,true
run,104,1774691465323,run,7423,false,,,false
.sandbox/btree_test_simple.tml,105,1774691475184,.sandbox/btree_test_simple.tml,116,false,,.sandbox/btree_test_simple.tml,true
docs/search,106,1774691494647,docs/search,3037,false,,,false
run,107,1774691505668,run,5400,false,,,false
lib/std/tests/collections/btreemap.test.tml,108,1774691541151,lib/std/tests/collections/btreemap.test.tml,1021,false,,lib/std/tests/collections/btreemap.test.tml,true
std/collections,109,1774691657738,std/collections,3642,false,,std/collections,true
lib/std/tests/collections/btreemap_range.test.tml,110,1774691662770,lib/std/tests/collections/btreemap_range.test.tml,998,false,,lib/std/tests/collections/btreemap_range.test.tml,true
lib/std/tests/collections/btreemap_iter.test.tml,111,1774691671403,lib/std/tests/collections/btreemap_iter.test.tml,1012,false,,lib/std/tests/collections/btreemap_iter.test.tml,false
lib/std/tests/collections/btreemap_iter2.test.tml,112,1774691676548,lib/std/tests/collections/btreemap_iter2.test.tml,764,false,,lib/std/tests/collections/btreemap_iter2.test.tml,false
run,113,1774691692851,run,5870,false,,,false
lib/std/tests/collections/btreemap_iter2.test.tml,114,1774691705015,lib/std/tests/collections/btreemap_iter2.test.tml,5686,false,,lib/std/tests/collections/btreemap_iter2.test.tml,false
lib/std/tests/collections/btreeset.test.tml,115,1774691709388,lib/std/tests/collections/btreeset.test.tml,644,false,,lib/std/tests/collections/btreeset.test.tml,false
lib/std/tests/collections/btreeset_drop.test.tml,116,1774691712872,lib/std/tests/collections/btreeset_drop.test.tml,660,false,,lib/std/tests/collections/btreeset_drop.test.tml,false
lib/std/tests/collections/btreeset_ops.test.tml,117,1774691717226,lib/std/tests/collections/btreeset_ops.test.tml,661,false,,lib/std/tests/collections/btreeset_ops.test.tml,false
lib/std/tests/collections/btreeset_iter.test.tml,118,1774691721009,lib/std/tests/collections/btreeset_iter.test.tml,652,false,,lib/std/tests/collections/btreeset_iter.test.tml,false
lib/std/tests/collections/btreeset_iter2.test.tml,119,1774691724024,lib/std/tests/collections/btreeset_iter2.test.tml,650,false,,lib/std/tests/collections/btreeset_iter2.test.tml,false
lib/std/tests/collections/drop_btree_debug.test.tml,120,1774691727205,lib/std/tests/collections/drop_btree_debug.test.tml,780,false,,lib/std/tests/collections/drop_btree_debug.test.tml,false
lib/std/tests/collections/drop_btree_debug.test.tml,121,1774691736373,lib/std/tests/collections/drop_btree_debug.test.tml,5338,false,,lib/std/tests/collections/drop_btree_debug.test.tml,false
lib/std/tests/collections/drop_btree_debug.test.tml,122,1774691744033,lib/std/tests/collections/drop_btree_debug.test.tml,806,false,,lib/std/tests/collections/drop_btree_debug.test.tml,true
lib/std/tests/collections/drop_btree_debug.test.tml,123,1774691766550,lib/std/tests/collections/drop_btree_debug.test.tml,5107,false,,lib/std/tests/collections/drop_btree_debug.test.tml,false
lib/std/tests/collections/btreemap_generic.test.tml,124,1774691789880,lib/std/tests/collections/btreemap_generic.test.tml,663,false,,lib/std/tests/collections/btreemap_generic.test.tml,true
docs/search,125,1774691793136,docs/search,194,false,,,false
check,126,1774691845463,check,49,true,,,false
check,127,1774691950832,check,981,false,,,false
check,128,1774691953598,check,38,true,,,false
check,129,1774691961727,check,654,false,,,false
docs/list,130,1774704605126,docs/list,4774,false,,,false
docs/list,131,1774704605137,docs/list,3,false,,,false
docs/list,132,1774704618721,docs/list,4,false,,,false
docs/search,133,1774704619097,docs/search,108,false,,,false
docs/list,134,1774704619752,docs/list,5,false,,,false
docs/list,135,1774704620073,docs/list,6,false,,,false
docs/list,136,1774704631801,docs/list,3,false,,,false
docs/search,137,1774704631889,docs/search,84,false,,,false
docs/search,138,1774704640122,docs/search,144,false,,,false
docs/get,139,1774704643799,docs/get,4,false,,,false
check,140,1774704711200,check,2962,true,,,false
check,141,1774704726750,check,441,false,,,false
lib/std/tests/collections/deque_extras.test.tml,142,1774704732648,lib/std/tests/collections/deque_extras.test.tml,735,false,,lib/std/tests/collections/deque_extras.test.tml,false
lib/std/tests/collections/deque_extras.test.tml,143,1774704736450,lib/std/tests/collections/deque_extras.test.tml,483,false,,lib/std/tests/collections/deque_extras.test.tml,false
lib/std/tests/collections/deque_extras2.test.tml,144,1774704760076,lib/std/tests/collections/deque_extras2.test.tml,624,false,,lib/std/tests/collections/deque_extras2.test.tml,true
check,145,1774704795970,check,601,false,,,false
lib/std/tests/collections/binary_heap_extras.test.tml,146,1774704819922,lib/std/tests/collections/binary_heap_extras.test.tml,593,false,,lib/std/tests/collections/binary_heap_extras.test.tml,true
lib/std/tests/collections/deque.test.tml,147,1774704823493,lib/std/tests/collections/deque.test.tml,601,false,,lib/std/tests/collections/deque.test.tml,false
lib/std/tests/collections/binary_heap.test.tml,148,1774704824099,lib/std/tests/collections/binary_heap.test.tml,603,false,,lib/std/tests/collections/binary_heap.test.tml,false
docs/search,149,1774705284516,docs/search,3405,false,,,false
docs/search,150,1774705288570,docs/search,90,false,,,false
docs/search,151,1774705323640,docs/search,3073,false,,,false
docs/search,152,1774705373764,docs/search,3124,false,,,false
cache/invalidate,153,1774705598429,cache/invalidate,0,true,,,false
check,154,1774705737116,check,37,true,,,false
docs/list,155,1774739479573,docs/list,4134,false,,,false
docs/list,156,1774739483862,docs/list,3,false,,,false
check,157,1774739524182,check,959,false,,,false
run,158,1774739539262,run,9634,false,,,false
check,159,1774739672649,check,924,true,,,false
std/http,160,1774739691568,std/http,1399,false,,std/http,false
lib/std/tests/sync/async_semaphore.test.tml,0,1774749620945,lib/std/tests/sync/async_semaphore.test.tml,741,false,,lib/std/tests/sync/async_semaphore.test.tml,false
lib/std/tests/stream/backpressure.test.tml,1,1774749654679,lib/std/tests/stream/backpressure.test.tml,562,false,,lib/std/tests/stream/backpressure.test.tml,false
docs/search,2,1774749677826,docs/search,3090,false,,,false
lib/std/tests/json/json_deserialize_point.test.tml,3,1774749681985,lib/std/tests/json/json_deserialize_point.test.tml,573,false,,lib/std/tests/json/json_deserialize_point.test.tml,false
lib/std/tests/json/json_deserialize_nested.test.tml,4,1774749682534,lib/std/tests/json/json_deserialize_nested.test.tml,543,false,,lib/std/tests/json/json_deserialize_nested.test.tml,false
docs/get,5,1774749682540,docs/get,5,false,,,false
docs/list,6,1774749685599,docs/list,4,false,,,false
docs/search,7,1774749688459,docs/search,54,false,,,false
docs/get,8,1774749691255,docs/get,5,false,,,false
docs/list,9,1774749693201,docs/list,4,false,,,false
docs/list,10,1774749695450,docs/list,4,false,,,false
docs/search,11,1774749714043,docs/search,29,false,,,false
docs/list,12,1774749716443,docs/list,5,false,,,false
run,0,1774749790451,run,7093,false,,,false
std/json,0,1774749928822,std/json,128953,false,,std/json,false
compiler/tests/cli/doc_generation.test.tml,1,1774749929485,compiler/tests/cli/doc_generation.test.tml,662,false,,compiler/tests/cli/doc_generation.test.tml,false
core/cell,2,1774750165556,core/cell,231840,false,,core/cell,false
core/alloc,3,1774750366194,core/alloc,200630,false,,core/alloc,false
lib/core/tests/alloc/heap_drop_check.test.tml,4,1774750377093,lib/core/tests/alloc/heap_drop_check.test.tml,5171,false,,lib/core/tests/alloc/heap_drop_check.test.tml,false
lib/core/tests/alloc/heap_recursive_enum_drop.test.tml,5,1774750385285,lib/core/tests/alloc/heap_recursive_enum_drop.test.tml,8187,false,,lib/core/tests/alloc/heap_recursive_enum_drop.test.tml,false
lib/std/tests/json/json_deserialize_point.test.tml,6,1774750398119,lib/std/tests/json/json_deserialize_point.test.tml,5970,false,,lib/std/tests/json/json_deserialize_point.test.tml,false
lib/std/tests/json/json_deserialize_nested.test.tml,7,1774750403814,lib/std/tests/json/json_deserialize_nested.test.tml,5692,false,,lib/std/tests/json/json_deserialize_nested.test.tml,false
lib/std/tests/json/json_serialize.test.tml,8,1774750412049,lib/std/tests/json/json_serialize.test.tml,8232,false,,lib/std/tests/json/json_serialize.test.tml,false
lib/core/tests/alloc/heap.test.tml,9,1774750423279,lib/core/tests/alloc/heap.test.tml,5198,false,,lib/core/tests/alloc/heap.test.tml,false
lib/core/tests/alloc/shared.test.tml,10,1774750429019,lib/core/tests/alloc/shared.test.tml,5737,false,,lib/core/tests/alloc/shared.test.tml,false
lib/core/tests/alloc/sync.test.tml,11,1774750435162,lib/core/tests/alloc/sync.test.tml,6138,false,,lib/core/tests/alloc/sync.test.tml,false
lib/core/tests/alloc/shared.test.tml,0,1774750505956,lib/core/tests/alloc/shared.test.tml,5673,false,,lib/core/tests/alloc/shared.test.tml,false
lib/core/tests/alloc/sync.test.tml,1,1774750511848,lib/core/tests/alloc/sync.test.tml,5887,false,,lib/core/tests/alloc/sync.test.tml,false
lib/core/tests/alloc/heap_drop_check.test.tml,2,1774750517693,lib/core/tests/alloc/heap_drop_check.test.tml,5840,false,,lib/core/tests/alloc/heap_drop_check.test.tml,false
std/collections,0,1774753844003,std/collections,310407,false,,std/collections,false
core/str,1,1774753966667,core/str,122663,false,,core/str,false
lib/std/tests/collections/buffer_compare.test.tml,2,1774753982025,lib/std/tests/collections/buffer_compare.test.tml,15357,false,,lib/std/tests/collections/buffer_compare.test.tml,false
core/ops,3,1774754201253,core/ops,219228,false,,core/ops,false
lib/std/tests/collections/buffer_compare.test.tml,4,1774754215337,lib/std/tests/collections/buffer_compare.test.tml,14083,true,,lib/std/tests/collections/buffer_compare.test.tml,true
lib/core/tests/ops/ops_arith.test.tml,5,1774754217727,lib/core/tests/ops/ops_arith.test.tml,2389,false,,lib/core/tests/ops/ops_arith.test.tml,false
lib/std/tests/collections/buffer_compare.test.tml,6,1774754242386,lib/std/tests/collections/buffer_compare.test.tml,7072,false,,lib/std/tests/collections/buffer_compare.test.tml,false
lib/std/tests/collections/buffer_compare.test.tml,7,1774754249199,lib/std/tests/collections/buffer_compare.test.tml,1009,true,,lib/std/tests/collections/buffer_compare.test.tml,true
cache/invalidate,8,1774754259164,cache/invalidate,0,true,,,false
lib/std/tests/collections/buffer_compare.test.tml,0,1774754321800,lib/std/tests/collections/buffer_compare.test.tml,7602,false,,lib/std/tests/collections/buffer_compare.test.tml,false
lib/std/tests/collections/buffer_search.test.tml,1,1774754330906,lib/std/tests/collections/buffer_search.test.tml,6860,false,,lib/std/tests/collections/buffer_search.test.tml,false
lib/std/tests/collections/buffer_swap.test.tml,2,1774754340991,lib/std/tests/collections/buffer_swap.test.tml,7965,false,,lib/std/tests/collections/buffer_swap.test.tml,false
lib/std/tests/collections/buffer_swap.test.tml,3,1774754346384,lib/std/tests/collections/buffer_swap.test.tml,1197,false,,lib/std/tests/collections/buffer_swap.test.tml,true
lib/std/tests/collections,4,1774754709131,lib/std/tests/collections,359556,false,,lib/std/tests/collections,false
lib/std/tests/collections/buffer_be.test.tml,5,1774754724681,lib/std/tests/collections/buffer_be.test.tml,7241,false,,lib/std/tests/collections/buffer_be.test.tml,false
lib/std/tests/collections/buffer_be.test.tml,6,1774754730583,lib/std/tests/collections/buffer_be.test.tml,1399,true,,lib/std/tests/collections/buffer_be.test.tml,true
cache/invalidate,7,1774754816542,cache/invalidate,150,false,,,false
lib/std/tests/collections/buffer_be.test.tml,8,1774754822084,lib/std/tests/collections/buffer_be.test.tml,1974,false,,lib/std/tests/collections/buffer_be.test.tml,false
lib/std/tests/collections/buffer_be.test.tml,9,1774754827272,lib/std/tests/collections/buffer_be.test.tml,1625,false,,lib/std/tests/collections/buffer_be.test.tml,false
lib/std/tests/collections/buffer_sequential.test.tml,10,1774754961858,lib/std/tests/collections/buffer_sequential.test.tml,11249,false,,lib/std/tests/collections/buffer_sequential.test.tml,true
lib/std/tests/collections/buffer_sequential.test.tml,11,1774754992670,lib/std/tests/collections/buffer_sequential.test.tml,725,false,,lib/std/tests/collections/buffer_sequential.test.tml,false
lib/std/tests/collections/buffer_core.test.tml,12,1774755004859,lib/std/tests/collections/buffer_core.test.tml,7276,false,,lib/std/tests/collections/buffer_core.test.tml,false
lib/std/tests/collections/buffer_compare.test.tml,13,1774755022921,lib/std/tests/collections/buffer_compare.test.tml,842,false,,lib/std/tests/collections/buffer_compare.test.tml,false
lib/std/tests/collections/buffer_search.test.tml,14,1774755027109,lib/std/tests/collections/buffer_search.test.tml,963,false,,lib/std/tests/collections/buffer_search.test.tml,false
lib/std/tests/collections/buffer_swap.test.tml,15,1774755030230,lib/std/tests/collections/buffer_swap.test.tml,845,false,,lib/std/tests/collections/buffer_swap.test.tml,false
lib/std/tests/collections/buffer_swap.test.tml,16,1774755035970,lib/std/tests/collections/buffer_swap.test.tml,769,false,,lib/std/tests/collections/buffer_swap.test.tml,false
lib/std/tests/collections/buffer_swap.test.tml,17,1774755070869,lib/std/tests/collections/buffer_swap.test.tml,623,false,,lib/std/tests/collections/buffer_swap.test.tml,false
std/hash,18,1774755122709,std/hash,659,false,,std/hash,false
std/collections,19,1774755130339,std/collections,4001,false,,std/collections,false
lib/std/tests/collections/hashmap_str_str.test.tml,20,1774755135723,lib/std/tests/collections/hashmap_str_str.test.tml,813,false,,lib/std/tests/collections/hashmap_str_str.test.tml,false
lib/std/tests/collections/hashmap_str_str.test.tml,21,1774755139960,lib/std/tests/collections/hashmap_str_str.test.tml,847,false,,lib/std/tests/collections/hashmap_str_str.test.tml,false
lib/std/tests/collections/hashmap_str_str.test.tml,22,1774755157006,lib/std/tests/collections/hashmap_str_str.test.tml,6561,true,,lib/std/tests/collections/hashmap_str_str.test.tml,true
check,23,1774755288169,check,1765,true,,,false
lib/std/tests/collections/hashmap_str_str.test.tml,24,1774755312227,lib/std/tests/collections/hashmap_str_str.test.tml,1345,false,,lib/std/tests/collections/hashmap_str_str.test.tml,false
lib/std/tests/collections/hashmap_str_str.test.tml,25,1774755318600,lib/std/tests/collections/hashmap_str_str.test.tml,1133,false,,lib/std/tests/collections/hashmap_str_str.test.tml,true
lib/std/tests/collections/hashmap_str_str.test.tml,26,1774755371782,lib/std/tests/collections/hashmap_str_str.test.tml,1010,false,,lib/std/tests/collections/hashmap_str_str.test.tml,false
lib/std/tests/collections/,27,1774755381276,lib/std/tests/collections/,4444,false,,lib/std/tests/collections/,false
lib/std/tests/collections/buffer_compare.test.tml,28,1774755384866,lib/std/tests/collections/buffer_compare.test.tml,1050,false,,lib/std/tests/collections/buffer_compare.test.tml,false
lib/std/tests/collections/buffer_search.test.tml,29,1774755385800,lib/std/tests/collections/buffer_search.test.tml,929,false,,lib/std/tests/collections/buffer_search.test.tml,false
lib/std/tests/collections/buffer_swap.test.tml,30,1774755386619,lib/std/tests/collections/buffer_swap.test.tml,815,false,,lib/std/tests/collections/buffer_swap.test.tml,false
lib/std/tests/collections/buffer_search.test.tml,31,1774755398196,lib/std/tests/collections/buffer_search.test.tml,990,false,,lib/std/tests/collections/buffer_search.test.tml,true
lib/std/tests/collections/buffer_swap.test.tml,32,1774755402955,lib/std/tests/collections/buffer_swap.test.tml,1031,false,,lib/std/tests/collections/buffer_swap.test.tml,true
lib/std/tests/collections/buffer_swap32_64.test.tml,33,1774755406697,lib/std/tests/collections/buffer_swap32_64.test.tml,1014,false,,lib/std/tests/collections/buffer_swap32_64.test.tml,false
lib/std/tests/collections/buffer_endian.test.tml,34,1774755407459,lib/std/tests/collections/buffer_endian.test.tml,755,false,,lib/std/tests/collections/buffer_endian.test.tml,false
lib/std/tests/collections/buffer_core.test.tml,35,1774755408191,lib/std/tests/collections/buffer_core.test.tml,727,false,,lib/std/tests/collections/buffer_core.test.tml,false
lib/std/tests/collections/buffer_endian.test.tml,36,1774755411423,lib/std/tests/collections/buffer_endian.test.tml,864,false,,lib/std/tests/collections/buffer_endian.test.tml,true
lib/std/tests/collections/buffer_core.test.tml,37,1774755412167,lib/std/tests/collections/buffer_core.test.tml,740,false,,lib/std/tests/collections/buffer_core.test.tml,true
lib/std/tests/collections/buffer_core.test.tml,38,1774755425201,lib/std/tests/collections/buffer_core.test.tml,1001,false,,lib/std/tests/collections/buffer_core.test.tml,false
lib/std/tests/collections/buffer_endian.test.tml,39,1774755429754,lib/std/tests/collections/buffer_endian.test.tml,1018,false,,lib/std/tests/collections/buffer_endian.test.tml,false
lib/std/tests/collections/buffer_compare.test.tml,40,1774755435834,lib/std/tests/collections/buffer_compare.test.tml,1007,false,,lib/std/tests/collections/buffer_compare.test.tml,false
lib/std/tests/collections/buffer_compare_equals.test.tml,41,1774755436647,lib/std/tests/collections/buffer_compare_equals.test.tml,806,false,,lib/std/tests/collections/buffer_compare_equals.test.tml,false
lib/std/tests/collections/buffer_search.test.tml,42,1774755437465,lib/std/tests/collections/buffer_search.test.tml,814,false,,lib/std/tests/collections/buffer_search.test.tml,false
lib/std/tests/collections/buffer_swap.test.tml,43,1774755438250,lib/std/tests/collections/buffer_swap.test.tml,780,false,,lib/std/tests/collections/buffer_swap.test.tml,false
lib/std/tests/collections/buffer_swap32_64.test.tml,44,1774755439289,lib/std/tests/collections/buffer_swap32_64.test.tml,1034,false,,lib/std/tests/collections/buffer_swap32_64.test.tml,false
lib/std/tests/collections/buffer_compare_equals.test.tml,45,1774755446207,lib/std/tests/collections/buffer_compare_equals.test.tml,1012,false,,lib/std/tests/collections/buffer_compare_equals.test.tml,false
lib/std/tests/collections/buffer_search.test.tml,46,1774755446975,lib/std/tests/collections/buffer_search.test.tml,763,false,,lib/std/tests/collections/buffer_search.test.tml,false
lib/std/tests/collections/buffer_swap.test.tml,47,1774755447721,lib/std/tests/collections/buffer_swap.test.tml,742,false,,lib/std/tests/collections/buffer_swap.test.tml,false
lib/std/tests/collections/buffer_swap.test.tml,48,1774755458806,lib/std/tests/collections/buffer_swap.test.tml,1018,false,,lib/std/tests/collections/buffer_swap.test.tml,false
lib/std/tests/collections/buffer_search.test.tml,49,1774755459813,lib/std/tests/collections/buffer_search.test.tml,1002,false,,lib/std/tests/collections/buffer_search.test.tml,false
lib/std/tests/collections/buffer_float.test.tml,50,1774755464802,lib/std/tests/collections/buffer_float.test.tml,727,false,,lib/std/tests/collections/buffer_float.test.tml,false
lib/std/tests/collections/buffer_duplicate.test.tml,51,1774755465666,lib/std/tests/collections/buffer_duplicate.test.tml,859,false,,lib/std/tests/collections/buffer_duplicate.test.tml,false
lib/std/tests/collections/buffer_sequential.test.tml,52,1774755466674,lib/std/tests/collections/buffer_sequential.test.tml,1005,false,,lib/std/tests/collections/buffer_sequential.test.tml,false
lib/std/tests/collections/buffer_float.test.tml,53,1774755469906,lib/std/tests/collections/buffer_float.test.tml,1054,false,,lib/std/tests/collections/buffer_float.test.tml,false
lib/std/tests/collections/buffer_duplicate.test.tml,54,1774755470908,lib/std/tests/collections/buffer_duplicate.test.tml,998,false,,lib/std/tests/collections/buffer_duplicate.test.tml,false
lib/std/tests/collections/buffer_duplicate.test.tml,55,1774755473860,lib/std/tests/collections/buffer_duplicate.test.tml,799,false,,lib/std/tests/collections/buffer_duplicate.test.tml,false
lib/std/tests/collections/buffer_duplicate.test.tml,56,1774755481039,lib/std/tests/collections/buffer_duplicate.test.tml,853,false,,lib/std/tests/collections/buffer_duplicate.test.tml,true
lib/std/tests/collections/buffer_duplicate.test.tml,57,1774755543875,lib/std/tests/collections/buffer_duplicate.test.tml,1350,false,,lib/std/tests/collections/buffer_duplicate.test.tml,false
lib/std/tests/collections/buffer_duplicate.test.tml,58,1774755575089,lib/std/tests/collections/buffer_duplicate.test.tml,682,false,,lib/std/tests/collections/buffer_duplicate.test.tml,false
lib/std/tests/collections/buffer_duplicate.test.tml,59,1774755586398,lib/std/tests/collections/buffer_duplicate.test.tml,1302,false,,lib/std/tests/collections/buffer_duplicate.test.tml,false
core/slice,0,1774756425064,core/slice,4534,false,,core/slice,false
lib/core/tests/slice/slice_sort.test.tml,1,1774756431635,lib/core/tests/slice/slice_sort.test.tml,855,false,,lib/core/tests/slice/slice_sort.test.tml,true
lib/core/tests/slice/slice_sort_by.test.tml,2,1774756438156,lib/core/tests/slice/slice_sort_by.test.tml,803,false,,lib/core/tests/slice/slice_sort_by.test.tml,false
lib/core/tests/slice/slice_sort_by_key.test.tml,3,1774756438984,lib/core/tests/slice/slice_sort_by_key.test.tml,825,false,,lib/core/tests/slice/slice_sort_by_key.test.tml,false
lib/core/tests/slice/slice_is_sorted.test.tml,4,1774756439685,lib/core/tests/slice/slice_is_sorted.test.tml,696,false,,lib/core/tests/slice/slice_is_sorted.test.tml,false
lib/core/tests/slice/slice_is_sorted_by.test.tml,5,1774756440470,lib/core/tests/slice/slice_is_sorted_by.test.tml,782,false,,lib/core/tests/slice/slice_is_sorted_by.test.tml,false
lib/core/tests/slice/slice_sort_by_key.test.tml,6,1774756448323,lib/core/tests/slice/slice_sort_by_key.test.tml,781,false,,lib/core/tests/slice/slice_sort_by_key.test.tml,true
lib/core/tests/slice/slice_is_sorted.test.tml,7,1774756455524,lib/core/tests/slice/slice_is_sorted.test.tml,777,false,,lib/core/tests/slice/slice_is_sorted.test.tml,true
lib/core/tests/slice/slice_sort.test.tml,0,1774756647246,lib/core/tests/slice/slice_sort.test.tml,1488,false,,lib/core/tests/slice/slice_sort.test.tml,false
lib/core/tests/slice/slice_sort_by.test.tml,1,1774756648965,lib/core/tests/slice/slice_sort_by.test.tml,1714,false,,lib/core/tests/slice/slice_sort_by.test.tml,false
lib/core/tests/slice/slice_sort_by_key.test.tml,2,1774756651569,lib/core/tests/slice/slice_sort_by_key.test.tml,2599,false,,lib/core/tests/slice/slice_sort_by_key.test.tml,false
lib/core/tests/slice/slice_is_sorted.test.tml,3,1774756653672,lib/core/tests/slice/slice_is_sorted.test.tml,2098,false,,lib/core/tests/slice/slice_is_sorted.test.tml,false
lib/core/tests/slice/slice_is_sorted_by.test.tml,4,1774756655864,lib/core/tests/slice/slice_is_sorted_by.test.tml,2187,false,,lib/core/tests/slice/slice_is_sorted_by.test.tml,false
lib/std/tests/collections/list_sort.test.tml,5,1774756664774,lib/std/tests/collections/list_sort.test.tml,3225,false,,lib/std/tests/collections/list_sort.test.tml,false
docs/search,0,1774757170278,docs/search,3070,false,,,false
lib/core/tests/simd/detect.test.tml,0,1774757967698,lib/core/tests/simd/detect.test.tml,6136,false,,lib/core/tests/simd/detect.test.tml,false
lib/core/tests/simd/detect.test.tml,1,1774758115883,lib/core/tests/simd/detect.test.tml,1551,false,,lib/core/tests/simd/detect.test.tml,false
core/simd,2,1774758121872,core/simd,1161,false,,core/simd,false
core/simd,3,1774758177019,core/simd,48709,false,,core/simd,false
lib/core/tests/simd/i32x4_basic.test.tml,4,1774758186682,lib/core/tests/simd/i32x4_basic.test.tml,1868,false,,lib/core/tests/simd/i32x4_basic.test.tml,false
lib/core/tests/simd/mask.test.tml,5,1774758188233,lib/core/tests/simd/mask.test.tml,1546,false,,lib/core/tests/simd/mask.test.tml,false
lib/core/tests/simd/sse2_intrinsics.test.tml,0,1774758650973,lib/core/tests/simd/sse2_intrinsics.test.tml,6038,false,,lib/core/tests/simd/sse2_intrinsics.test.tml,false
lib/core/tests/simd/sse2_bitwise.test.tml,1,1774758656425,lib/core/tests/simd/sse2_bitwise.test.tml,5447,false,,lib/core/tests/simd/sse2_bitwise.test.tml,false
lib/core/tests/simd/sse2_pack_shift.test.tml,2,1774758662082,lib/core/tests/simd/sse2_pack_shift.test.tml,5651,false,,lib/core/tests/simd/sse2_pack_shift.test.tml,false
check,0,1774761264026,check,819,false,,,false
lib/core/tests/simd/neon_basic.test.tml,1,1774761294105,lib/core/tests/simd/neon_basic.test.tml,896,false,,lib/core/tests/simd/neon_basic.test.tml,false
lib/core/tests/simd/neon_basic.test.tml,2,1774761298149,lib/core/tests/simd/neon_basic.test.tml,534,false,,lib/core/tests/simd/neon_basic.test.tml,false
run,0,1774761362896,run,7840,true,,,false
check,0,1774761379162,check,591,false,,,false
run,1,1774761407374,run,694,true,,,false
run,2,1774761424989,run,6465,true,,,false
run,3,1774761467801,run,698,true,,,false
run,4,1774761484606,run,660,true,,,false
run,5,1774761533708,run,814,true,,,false
run,6,1774761556052,run,11106,true,,,false
run,7,1774761580361,run,10393,false,,,false
lib/core/tests/simd/neon_basic.test.tml,8,1774761585800,lib/core/tests/simd/neon_basic.test.tml,1529,false,,lib/core/tests/simd/neon_basic.test.tml,false
cache/invalidate,9,1774761589085,cache/invalidate,0,true,,,false
cache/invalidate,10,1774761591219,cache/invalidate,0,true,,,false
run,11,1774761594045,run,665,true,,,false
lib/core/tests/simd/neon_basic.test.tml,0,1774761710374,lib/core/tests/simd/neon_basic.test.tml,869,false,,lib/core/tests/simd/neon_basic.test.tml,false
lib/core/tests/simd/neon_basic.test.tml,1,1774761720326,lib/core/tests/simd/neon_basic.test.tml,526,false,,lib/core/tests/simd/neon_basic.test.tml,false
lib/core/tests/simd/neon_basic.test.tml,2,1774761729972,lib/core/tests/simd/neon_basic.test.tml,894,false,,lib/core/tests/simd/neon_basic.test.tml,false
core/simd,3,1774761835550,core/simd,101559,true,,core/simd,false
lib/core/tests/simd/neon_basic.test.tml,4,1774763412014,lib/core/tests/simd/neon_basic.test.tml,5849,false,,lib/core/tests/simd/neon_basic.test.tml,false
lib/core/tests/simd/neon_basic.test.tml,5,1774763417443,lib/core/tests/simd/neon_basic.test.tml,653,true,,lib/core/tests/simd/neon_basic.test.tml,true
cache/invalidate,6,1774763424074,cache/invalidate,55,false,,,false
lib/core/tests/simd/neon_basic.test.tml,7,1774763428247,lib/core/tests/simd/neon_basic.test.tml,787,false,,lib/core/tests/simd/neon_basic.test.tml,false
lib/core/tests/simd/neon_basic.test.tml,0,1774763443737,lib/core/tests/simd/neon_basic.test.tml,933,false,,lib/core/tests/simd/neon_basic.test.tml,false
lib/core/tests/simd/neon_basic.test.tml,1,1774763451277,lib/core/tests/simd/neon_basic.test.tml,653,false,,lib/core/tests/simd/neon_basic.test.tml,false
core/simd,2,1774763457756,core/simd,2195,false,,core/simd,false
lib/core/tests/simd/avx2_basic.test.tml,3,1774763461777,lib/core/tests/simd/avx2_basic.test.tml,722,false,,lib/core/tests/simd/avx2_basic.test.tml,false
lib/core/tests/simd/avx2_compare.test.tml,4,1774763464773,lib/core/tests/simd/avx2_compare.test.tml,824,false,,lib/core/tests/simd/avx2_compare.test.tml,false
lib/core/tests/simd/avx2_basic.test.tml,5,1774763469354,lib/core/tests/simd/avx2_basic.test.tml,1019,false,,lib/core/tests/simd/avx2_basic.test.tml,false
lib/core/tests/simd/sse2_intrinsics.test.tml,6,1774763473257,lib/core/tests/simd/sse2_intrinsics.test.tml,903,false,,lib/core/tests/simd/sse2_intrinsics.test.tml,false
docs/list,7,1774763484570,docs/list,3119,false,,,false
docs/search,8,1774763487902,docs/search,101,false,,,false
docs/list,9,1774763491571,docs/list,4,false,,,false
docs/search,10,1774763498460,docs/search,119,false,,,false
cache/invalidate,0,1774763774133,cache/invalidate,48,false,,,false
check,1,1774763777479,check,1008,true,,,false
check,2,1774763799695,check,1045,true,,,false
docs/search,3,1774763834030,docs/search,3220,false,,,false
check,4,1774763883737,check,1124,true,,,false
check,5,1774763888348,check,539,false,,,false
docs/get,6,1774763896912,docs/get,3780,false,,,false
check,7,1774763909768,check,46,true,,,false
check,8,1774763923062,check,627,false,,,false
cache/invalidate,9,1774763927104,cache/invalidate,51,false,,,false
lib/core/tests/simd/neon_basic.test.tml,10,1774763930713,lib/core/tests/simd/neon_basic.test.tml,950,false,,lib/core/tests/simd/neon_basic.test.tml,false
check,11,1774764087362,check,653,false,,,false
lib/core/tests/simd/portable.test.tml,12,1774764119532,lib/core/tests/simd/portable.test.tml,1364,false,,lib/core/tests/simd/portable.test.tml,true
lib/core/tests/simd/portable.test.tml,13,1774764123992,lib/core/tests/simd/portable.test.tml,932,false,,lib/core/tests/simd/portable.test.tml,true
lib/core/tests/simd/neon_bitwise.test.tml,14,1774764181697,lib/core/tests/simd/neon_bitwise.test.tml,754,false,,lib/core/tests/simd/neon_bitwise.test.tml,true
lib/core/tests/simd/neon_bitwise.test.tml,15,1774764211489,lib/core/tests/simd/neon_bitwise.test.tml,847,false,,lib/core/tests/simd/neon_bitwise.test.tml,true
lib/core/tests/simd/i32x4_basic.test.tml,16,1774764223864,lib/core/tests/simd/i32x4_basic.test.tml,907,false,,lib/core/tests/simd/i32x4_basic.test.tml,false
lib/core/tests/simd/neon_bitwise.test.tml,17,1774764228183,lib/core/tests/simd/neon_bitwise.test.tml,792,false,,lib/core/tests/simd/neon_bitwise.test.tml,false
lib/core/tests/simd/neon_bitwise.test.tml,18,1774764247226,lib/core/tests/simd/neon_bitwise.test.tml,921,false,,lib/core/tests/simd/neon_bitwise.test.tml,false
lib/core/tests/simd/neon_horizontal.test.tml,19,1774764285297,lib/core/tests/simd/neon_horizontal.test.tml,878,false,,lib/core/tests/simd/neon_horizontal.test.tml,false
check,20,1774764291302,check,39,true,,,false
check,21,1774764305785,check,41,true,,,false
check,22,1774764353486,check,2976,true,,,false
docs/search,23,1774764360482,docs/search,3304,false,,,false
check,24,1774764386885,check,45,true,,,false
lib/core/tests/simd/algorithms.test.tml,25,1774764393950,lib/core/tests/simd/algorithms.test.tml,870,false,,lib/core/tests/simd/algorithms.test.tml,true
lib/core/tests/simd/algorithms.test.tml,26,1774764422559,lib/core/tests/simd/algorithms.test.tml,700,false,,lib/core/tests/simd/algorithms.test.tml,true
lib/core/tests/simd/algorithms.test.tml,27,1774764443373,lib/core/tests/simd/algorithms.test.tml,829,false,,lib/core/tests/simd/algorithms.test.tml,false
lib/core/tests/simd/algorithms.test.tml,28,1774764457687,lib/core/tests/simd/algorithms.test.tml,837,false,,lib/core/tests/simd/algorithms.test.tml,false
cache/invalidate,29,1774764470869,cache/invalidate,50,false,,,false
cache/invalidate,30,1774764509301,cache/invalidate,44,false,,,false
lib/core/tests/simd/algorithms.test.tml,31,1774764512869,lib/core/tests/simd/algorithms.test.tml,886,false,,lib/core/tests/simd/algorithms.test.tml,false
lib/core/tests/simd/neon_basic.test.tml,32,1774764598107,lib/core/tests/simd/neon_basic.test.tml,854,false,,lib/core/tests/simd/neon_basic.test.tml,false
lib/core/tests/simd/neon_bitwise.test.tml,33,1774764598973,lib/core/tests/simd/neon_bitwise.test.tml,862,false,,lib/core/tests/simd/neon_bitwise.test.tml,false
lib/core/tests/simd/neon_horizontal.test.tml,34,1774764599898,lib/core/tests/simd/neon_horizontal.test.tml,914,false,,lib/core/tests/simd/neon_horizontal.test.tml,false
cache/invalidate,35,1774764603218,cache/invalidate,53,false,,,false
lib/core/tests/simd/neon_basic.test.tml,36,1774764606573,lib/core/tests/simd/neon_basic.test.tml,721,false,,lib/core/tests/simd/neon_basic.test.tml,false
lib/core/tests/simd/neon_bitwise.test.tml,37,1774764607475,lib/core/tests/simd/neon_bitwise.test.tml,889,false,,lib/core/tests/simd/neon_bitwise.test.tml,false
lib/core/tests/simd/neon_basic.test.tml,38,1774764612967,lib/core/tests/simd/neon_basic.test.tml,867,false,,lib/core/tests/simd/neon_basic.test.tml,false
lib/core/tests/simd/neon_basic.test.tml,39,1774764621431,lib/core/tests/simd/neon_basic.test.tml,713,false,,lib/core/tests/simd/neon_basic.test.tml,false
lib/core/tests/simd/neon_basic.test.tml,40,1774764637197,lib/core/tests/simd/neon_basic.test.tml,873,false,,lib/core/tests/simd/neon_basic.test.tml,false
test,0,1774767019007,test,620734,false,,,false
test,1,1774767095968,test,75373,false,,,false
core/traits,2,1774767118797,core/traits,5855,false,,core/traits,true
std_debug,3,1774767121578,std_debug,129,false,,std_debug,true
core/str,4,1774767178272,core/str,1463,false,,core/str,false
core/str,0,1774767240062,core/str,1551,false,,core/str,false
lib/core/tests/str/as_bytes.test.tml,1,1774767247665,lib/core/tests/str/as_bytes.test.tml,947,false,,lib/core/tests/str/as_bytes.test.tml,true
lib/core/tests/str/as_bytes.test.tml,2,1774767318182,lib/core/tests/str/as_bytes.test.tml,901,false,,lib/core/tests/str/as_bytes.test.tml,false
lib/core/tests/str/as_bytes.test.tml,0,1774767337250,lib/core/tests/str/as_bytes.test.tml,969,false,,lib/core/tests/str/as_bytes.test.tml,true
docs/search,1,1774767344959,docs/search,3219,false,,,false
docs/get,2,1774767347339,docs/get,8,false,,,false
core/str,0,1774768588326,core/str,1783,false,,core/str,false
core/str,0,1774769005655,core/str,129079,false,,core/str,false
test,1,1774769625862,test,615448,false,,,false
test,2,1774769701978,test,71774,false,,,false
std_debug,3,1774769745096,std_debug,140,false,,std_debug,false
test,0,1774770487141,test,632182,false,,,false
test,1,1774771101615,test,610769,true,,,false
compiler/compiler,0,1774786443769,compiler/compiler,108653,false,,compiler/compiler,false
compiler/tests/compiler/behaviors/assoc_type_lookup.test.tml,0,1774787359611,compiler/tests/compiler/behaviors/assoc_type_lookup.test.tml,4923,false,,compiler/tests/compiler/behaviors/assoc_type_lookup.test.tml,false
compiler/compiler/behaviors,1,1774787374229,compiler/compiler/behaviors,6206,false,,compiler/compiler/behaviors,false
compiler/compiler,2,1774787386155,compiler/compiler,5408,false,,compiler/compiler,false
compiler/tests/compiler/misc/iter_adapters.test.tml,3,1774787546932,compiler/tests/compiler/misc/iter_adapters.test.tml,5260,false,,compiler/tests/compiler/misc/iter_adapters.test.tml,false
compiler/tests/compiler/reflect/field_count.test.tml,4,1774787551092,compiler/tests/compiler/reflect/field_count.test.tml,4155,false,,compiler/tests/compiler/reflect/field_count.test.tml,false
compiler/compiler/reflect,5,1774787565319,compiler/compiler/reflect,7068,false,,compiler/compiler/reflect,false
compiler/tests/compiler/enums/generic_enum_methods.test.tml,6,1774787566444,compiler/tests/compiler/enums/generic_enum_methods.test.tml,1121,false,,compiler/tests/compiler/enums/generic_enum_methods.test.tml,false
compiler/tests/compiler/enums/generic_enum_methods.test.tml,7,1774787576544,compiler/tests/compiler/enums/generic_enum_methods.test.tml,775,false,,compiler/tests/compiler/enums/generic_enum_methods.test.tml,false
check,8,1774787713306,check,34,true,,,false
compiler/tests/compiler/enums/generic_enum_methods.test.tml,9,1774787796662,compiler/tests/compiler/enums/generic_enum_methods.test.tml,4694,false,,compiler/tests/compiler/enums/generic_enum_methods.test.tml,false
compiler/tests/compiler/iterators/iter_assoc_type.test.tml,10,1774787815654,compiler/tests/compiler/iterators/iter_assoc_type.test.tml,852,false,,compiler/tests/compiler/iterators/iter_assoc_type.test.tml,true
check,0,1774842572915,check,282,false,,,false
emit-ir,0,1774843326692,emit-ir,329,false,,,false
emit-ir,0,1774843437193,emit-ir,349,false,,,false
compiler/tests/compiler/iterators/iter_assoc_type.test.tml,0,1774843446197,compiler/tests/compiler/iterators/iter_assoc_type.test.tml,497,false,,compiler/tests/compiler/iterators/iter_assoc_type.test.tml,true
emit-ir,0,1774844047618,emit-ir,342,false,,,false
emit-ir,0,1774844200641,emit-ir,313,false,,,false
compiler/behaviors,1,1774844221652,compiler/behaviors,106,false,,compiler/behaviors,false
"compiler"",2,1774844223968,"compiler"",103,false,,"compiler"",false
compiler/tests/compiler/behaviors,3,1774844236434,compiler/tests/compiler/behaviors,9988,false,,compiler/tests/compiler/behaviors,false
compiler/tests/compiler,4,1774844250570,compiler/tests/compiler,10763,false,,compiler/tests/compiler,false
lib/core/tests,5,1774844271711,lib/core/tests,15184,false,,lib/core/tests,false
lib/std/tests,6,1774844300182,lib/std/tests,23521,false,,lib/std/tests,false
emit-ir,7,1774844324347,emit-ir,3680,false,,,false
check,0,1774844910753,check,58,true,,,false
emit-ir,1,1774845494700,emit-ir,3826,false,,,false
check,0,1774846763737,check,316,true,,,false
check,1,1774846808848,check,318,true,,,false
check,2,1774846873970,check,326,true,,,false
lib/core/tests/option/option_flatten.test.tml,3,1774846895790,lib/core/tests/option/option_flatten.test.tml,4375,false,,lib/core/tests/option/option_flatten.test.tml,false
check,4,1774846977152,check,335,true,,,false
check,0,1774847197554,check,409,true,,,false
check,1,1774847311803,check,345,false,,,false
lib/core/tests/alloc/heap_into_pin.test.tml,2,1774847319967,lib/core/tests/alloc/heap_into_pin.test.tml,3424,false,,lib/core/tests/alloc/heap_into_pin.test.tml,false
emit-ir,3,1774847336167,emit-ir,3335,false,,,false
check,4,1774847356365,check,318,false,,,false
lib/core/tests/alloc/heap_into_pin.test.tml,5,1774847359466,lib/core/tests/alloc/heap_into_pin.test.tml,472,false,,lib/core/tests/alloc/heap_into_pin.test.tml,false
emit-ir,6,1774847365454,emit-ir,3352,false,,,false
emit-ir,7,1774847386742,emit-ir,3337,false,,,false
emit-mir,8,1774847548997,emit-mir,3668,true,,,false
emit-ir,9,1774847558325,emit-ir,3433,false,,,false
check,10,1774847591997,check,349,false,,,false
emit-ir,11,1774847597867,emit-ir,3409,false,,,false
emit-ir,12,1774847605219,emit-ir,3537,false,,,false
emit-ir,13,1774847784488,emit-ir,385,true,,,false
cache/invalidate,14,1774847792439,cache/invalidate,31,false,,,false
check,15,1774847795632,check,314,true,,,false
cache/invalidate,0,1774848516191,cache/invalidate,77,false,,,false
check,1,1774848519310,check,349,true,,,false
cache/invalidate,2,1774848547559,cache/invalidate,35,false,,,false
lib/core/tests/alloc/heap_into_pin.test.tml,3,1774848558264,lib/core/tests/alloc/heap_into_pin.test.tml,469,false,,lib/core/tests/alloc/heap_into_pin.test.tml,false
check,4,1774848609287,check,305,false,,,false
lib/core/tests/alloc/heap_into_pin.test.tml,5,1774848616070,lib/core/tests/alloc/heap_into_pin.test.tml,3409,false,,lib/core/tests/alloc/heap_into_pin.test.tml,false
emit-ir,6,1774848630537,emit-ir,3280,false,,,false
emit-ir,7,1774848639662,emit-ir,3336,false,,,false
check,8,1774848725505,check,306,false,,,false
lib/core/tests/alloc/heap_into_pin.test.tml,9,1774848729435,lib/core/tests/alloc/heap_into_pin.test.tml,479,false,,lib/core/tests/alloc/heap_into_pin.test.tml,false
emit-ir,10,1774848738860,emit-ir,3375,false,,,false
emit-ir,11,1774848744455,emit-ir,3321,false,,,false
emit-ir,12,1774848750534,emit-ir,3424,false,,,false
emit-ir,13,1774848759584,emit-ir,3424,false,,,false
emit-ir,14,1774848766805,emit-ir,3244,false,,,false
emit-ir,15,1774848814053,emit-ir,3578,false,,,false
emit-ir,16,1774848826079,emit-ir,3292,false,,,false
lib/core/tests/alloc/heap_into_pin.test.tml,17,1774848836856,lib/core/tests/alloc/heap_into_pin.test.tml,482,true,,lib/core/tests/alloc/heap_into_pin.test.tml,true
cache/invalidate,18,1774848841648,cache/invalidate,48,false,,,false
lib/core/tests/alloc/heap_into_pin.test.tml,19,1774848845387,lib/core/tests/alloc/heap_into_pin.test.tml,501,false,,lib/core/tests/alloc/heap_into_pin.test.tml,false
emit-ir,20,1774848854719,emit-ir,3545,false,,,false
lib/core/tests/alloc/heap_into_pin.test.tml,21,1774848977415,lib/core/tests/alloc/heap_into_pin.test.tml,4107,false,,lib/core/tests/alloc/heap_into_pin.test.tml,false
check,22,1774849081772,check,309,false,,,false
emit-ir,23,1774849088751,emit-ir,3446,false,,,false
lib/core/tests/alloc/heap_into_pin.test.tml,24,1774849097424,lib/core/tests/alloc/heap_into_pin.test.tml,1065,false,,lib/core/tests/alloc/heap_into_pin.test.tml,false
emit-ir,25,1774849107974,emit-ir,3509,false,,,false
check,26,1774849142938,check,345,false,,,false
lib/core/tests/alloc/heap_into_pin.test.tml,27,1774849146957,lib/core/tests/alloc/heap_into_pin.test.tml,1111,false,,lib/core/tests/alloc/heap_into_pin.test.tml,false
emit-ir,28,1774849160339,emit-ir,3392,false,,,false
emit-ir,29,1774849177056,emit-ir,3573,false,,,false
.sandbox/pin_simple.test.tml,30,1774849202846,.sandbox/pin_simple.test.tml,98,false,,.sandbox/pin_simple.test.tml,false
lib/core/tests/alloc/heap_into_pin.test.tml,31,1774849207137,lib/core/tests/alloc/heap_into_pin.test.tml,1058,true,,lib/core/tests/alloc/heap_into_pin.test.tml,true
lib/core/tests/alloc/heap_into_pin.test.tml,32,1774849222435,lib/core/tests/alloc/heap_into_pin.test.tml,3943,false,,lib/core/tests/alloc/heap_into_pin.test.tml,false
core/pin,33,1774849232584,core/pin,4950,false,,core/pin,false
lib/core/tests/pin/pin_basic.test.tml,34,1774849241332,lib/core/tests/pin/pin_basic.test.tml,471,false,,lib/core/tests/pin/pin_basic.test.tml,false
lib/core/tests/pin/pin_new_getref.test.tml,35,1774849245016,lib/core/tests/pin/pin_new_getref.test.tml,464,false,,lib/core/tests/pin/pin_new_getref.test.tml,false
lib/core/tests/pin/pin_ref.test.tml,36,1774849248093,lib/core/tests/pin/pin_ref.test.tml,455,false,,lib/core/tests/pin/pin_ref.test.tml,false
lib/core/tests/pin/pin_ref_methods.test.tml,37,1774849253988,lib/core/tests/pin/pin_ref_methods.test.tml,455,false,,lib/core/tests/pin/pin_ref_methods.test.tml,false
lib/core/tests/pin/pin_ref_new.test.tml,38,1774849254476,lib/core/tests/pin/pin_ref_new.test.tml,465,false,,lib/core/tests/pin/pin_ref_new.test.tml,false
core/alloc,39,1774849279787,core/alloc,20449,false,,core/alloc,false
lib/core/tests/alloc/heap_into_pin.test.tml,0,1774849612384,lib/core/tests/alloc/heap_into_pin.test.tml,5064,false,,lib/core/tests/alloc/heap_into_pin.test.tml,false
lib/std/tests/collections/behaviors.test.tml,1,1774849623974,lib/std/tests/collections/behaviors.test.tml,11582,false,,lib/std/tests/collections/behaviors.test.tml,false
lib/std/tests/collections/behaviors.test.tml,2,1774849631678,lib/std/tests/collections/behaviors.test.tml,744,true,,lib/std/tests/collections/behaviors.test.tml,true
emit-ir,3,1774849653167,emit-ir,14035,false,,,false
emit-ir,4,1774849687922,emit-ir,14012,false,,,false
lib/std/tests/collections/behaviors.test.tml,5,1774849786394,lib/std/tests/collections/behaviors.test.tml,483,false,,lib/std/tests/collections/behaviors.test.tml,false
emit-ir,6,1774849800408,emit-ir,8337,false,,,false
emit-ir,7,1774849817256,emit-ir,8394,false,,,false
emit-ir,8,1774849829256,emit-ir,8708,false,,,false
cache/invalidate,0,1774850918252,cache/invalidate,32,false,,,false
lib/std/tests/collections/behaviors.test.tml,0,1774851105582,lib/std/tests/collections/behaviors.test.tml,8563,false,,lib/std/tests/collections/behaviors.test.tml,false
lib/std/tests/collections/behaviors.test.tml,0,1774851184111,lib/std/tests/collections/behaviors.test.tml,7384,false,,lib/std/tests/collections/behaviors.test.tml,false
std/collections,1,1774851269642,std/collections,81197,false,,std/collections,false
core/iter,2,1774851286639,core/iter,13715,false,,core/iter,false
core/str,3,1774851311539,core/str,24893,false,,core/str,false
core/fmt,4,1774851362446,core/fmt,35805,false,,core/fmt,false
core/types,5,1774851383507,core/types,21054,false,,core/types,false
core/slice,6,1774851434995,core/slice,47446,false,,core/slice,false
std/json,7,1774851455013,std/json,20011,false,,std/json,false
core/iter,0,1774851695765,core/iter,10424,false,,core/iter,false
core/slice,1,1774851734967,core/slice,39189,false,,core/slice,false
core/alloc,2,1774851767616,core/alloc,32643,false,,core/alloc,false
check,3,1774851795778,check,339,false,,,false
check,4,1774851796113,check,330,false,,,false
core/alloc,5,1774851817584,core/alloc,4095,false,,core/alloc,false
lib/core/tests/iter/iter_cloned.test.tml,6,1774851827527,lib/core/tests/iter/iter_cloned.test.tml,496,true,,lib/core/tests/iter/iter_cloned.test.tml,true
core/iter,7,1774851922988,core/iter,41384,false,,core/iter,false
core/str,0,1774852152723,core/str,22091,false,,core/str,false
core/fmt,1,1774852180914,core/fmt,28175,false,,core/fmt,false
std/json,2,1774852200320,std/json,19399,false,,std/json,false
compiler/compiler,3,1774852215285,compiler/compiler,8424,false,,compiler/compiler,false
compiler/behaviors,4,1774852217977,compiler/behaviors,99,false,,compiler/behaviors,false
core/num,5,1774852256277,core/num,35170,false,,core/num,false
core/ops,6,1774852295386,core/ops,39104,false,,core/ops,false
core/iter,0,1774852725211,core/iter,8323,false,,core/iter,false
core/iter,1,1774852931935,core/iter,38164,false,,core/iter,false
emit-ir,2,1774852945907,emit-ir,3625,false,,,false
emit-ir,3,1774852954599,emit-ir,3712,false,,,false
lib/core/tests/iter/iter_repeat_with.test.tml,0,1774853280660,lib/core/tests/iter/iter_repeat_with.test.tml,6465,false,,lib/core/tests/iter/iter_repeat_with.test.tml,false
cache/invalidate,1,1774853395701,cache/invalidate,0,true,,,false
cache/invalidate,2,1774853400690,cache/invalidate,42,false,,,false
core/iter,0,1774854703060,core/iter,38394,false,,core/iter,false
core/types,1,1774854721166,core/types,9931,false,,core/types,false
core/slice,2,1774854751509,core/slice,27583,false,,core/slice,false
core/array,3,1774854770112,core/array,15900,false,,core/array,false
core/iter,0,1774854853413,core/iter,5460,false,,core/iter,false
lib/core/tests/ops/manually_drop_take.test.tml,0,1774854942080,lib/core/tests/ops/manually_drop_take.test.tml,3093,true,,lib/core/tests/ops/manually_drop_take.test.tml,true
lib/core/tests/iter/iter_range_sizehint.test.tml,1,1774854946141,lib/core/tests/iter/iter_range_sizehint.test.tml,4054,true,,lib/core/tests/iter/iter_range_sizehint.test.tml,true
emit-ir,2,1774854952640,emit-ir,2892,false,,,false
emit-ir,3,1774854956849,emit-ir,4204,false,,,false
emit-ir,4,1774855026225,emit-ir,2923,false,,,false
emit-ir,5,1774855057013,emit-ir,2880,false,,,false
core/iter,0,1774855798253,core/iter,39130,false,,core/iter,false
core/ops,1,1774855823084,core/ops,24826,false,,core/ops,false
core/str,2,1774855977413,core/str,16821,false,,core/str,false
core/fmt,3,1774856001397,core/fmt,23977,false,,core/fmt,false
std/collections,4,1774856051884,std/collections,50480,false,,std/collections,false
core/alloc,5,1774856083225,core/alloc,31335,false,,core/alloc,false
core/iter,0,1774856333198,core/iter,49377,false,,core/iter,false
core/ops,1,1774856363274,core/ops,30065,false,,core/ops,false
std/collections,2,1774856418370,std/collections,55088,false,,std/collections,false
core/alloc,3,1774856448793,core/alloc,30413,false,,core/alloc,false
core/iter,0,1774856809155,core/iter,38697,false,,core/iter,false
core/ops,1,1774856834050,core/ops,24889,false,,core/ops,false
core/iter,0,1774861795774,core/iter,40314,false,,core/iter,false
core/ops,1,1774861821023,core/ops,25241,false,,core/ops,false
std/collections,2,1774861872666,std/collections,51637,false,,std/collections,false
core/cell,3,1774865987275,core/cell,29987,false,,core/cell,false
core/error,4,1774866022873,core/error,35580,false,,core/error,false
core/ptr,5,1774866056064,core/ptr,33183,false,,core/ptr,false
core/char,6,1774866084469,core/char,28400,false,,core/char,false
std/sync,7,1774866194246,std/sync,103117,false,,std/sync,false
std/io,8,1774866208063,std/io,13811,false,,std/io,false
std/crypto,9,1774866248686,std/crypto,40619,false,,std/crypto,false
compiler/iterators,10,1774866248810,compiler/iterators,120,false,,compiler/iterators,false
check,11,1774866264730,check,380,true,,,false
check,12,1774866307995,check,355,false,,,false
lib/core/tests/ptr/ptr_ops.test.tml,13,1774866416183,lib/core/tests/ptr/ptr_ops.test.tml,7538,false,,lib/core/tests/ptr/ptr_ops.test.tml,true
lib/core/tests/cell/cell_update.test.tml,14,1774866417014,lib/core/tests/cell/cell_update.test.tml,824,false,,lib/core/tests/cell/cell_update.test.tml,true
lib/std/tests/sync/arc_make_mut.test.tml,15,1774866417870,lib/std/tests/sync/arc_make_mut.test.tml,850,false,,lib/std/tests/sync/arc_make_mut.test.tml,true
emit-ir,16,1774866491910,emit-ir,4269,false,,,false
emit-ir,17,1774866765540,emit-ir,7815,false,,,false
lib/core/tests/ptr/ptr_ops.test.tml,0,1774866863433,lib/core/tests/ptr/ptr_ops.test.tml,10563,false,,lib/core/tests/ptr/ptr_ops.test.tml,false
lib/core/tests/cell/cell_update.test.tml,1,1774866871575,lib/core/tests/cell/cell_update.test.tml,8134,false,,lib/core/tests/cell/cell_update.test.tml,false
lib/std/tests/sync/arc_make_mut.test.tml,2,1774866876607,lib/std/tests/sync/arc_make_mut.test.tml,5025,false,,lib/std/tests/sync/arc_make_mut.test.tml,false
lib/core/tests/ptr/ptr_ops_advanced.test.tml,3,1774866892486,lib/core/tests/ptr/ptr_ops_advanced.test.tml,7867,false,,lib/core/tests/ptr/ptr_ops_advanced.test.tml,false
lib/core/tests/ptr/ptr_ops_memory.test.tml,4,1774866900147,lib/core/tests/ptr/ptr_ops_memory.test.tml,7654,false,,lib/core/tests/ptr/ptr_ops_memory.test.tml,false
lib/core/tests/ptr/ptr_ops.test.tml,5,1774866972734,lib/core/tests/ptr/ptr_ops.test.tml,12770,false,,lib/core/tests/ptr/ptr_ops.test.tml,false
lib/core/tests/ptr/ptr_ops_advanced.test.tml,6,1774866989301,lib/core/tests/ptr/ptr_ops_advanced.test.tml,13017,false,,lib/core/tests/ptr/ptr_ops_advanced.test.tml,false
lib/core/tests/ptr/ptr_ops_memory.test.tml,7,1774867004024,lib/core/tests/ptr/ptr_ops_memory.test.tml,14696,false,,lib/core/tests/ptr/ptr_ops_memory.test.tml,false
core/ptr,8,1774867049548,core/ptr,41855,false,,core/ptr,false
core/cell,9,1774867087682,core/cell,38119,false,,core/cell,false
std/sync,10,1774867104689,std/sync,16997,false,,std/sync,false
core/ptr,11,1774867141426,core/ptr,3111,false,,core/ptr,false
core/cell,12,1774867144517,core/cell,3087,false,,core/cell,false
lib/std/tests/sync/arc_make_mut.test.tml,13,1774867145289,lib/std/tests/sync/arc_make_mut.test.tml,765,false,,lib/std/tests/sync/arc_make_mut.test.tml,false
core/result,14,1774867162291,core/result,11897,false,,core/result,false
core/option,15,1774867183031,core/option,20733,false,,core/option,false
core/convert,16,1774867203881,core/convert,20839,false,,core/convert,false
std/text,17,1774867218700,std/text,14813,false,,std/text,false
core/hash,18,1774867238289,core/hash,13470,false,,core/hash,false
std/regex,19,1774867249378,std/regex,11083,false,,std/regex,false
compiler/codegen,20,1774867249563,compiler/codegen,178,false,,compiler/codegen,false
core/option,21,1774867285969,core/option,1637,false,,core/option,true
core/option,22,1774867287332,core/option,1354,false,,core/option,true
core/option,23,1774867288881,core/option,1539,false,,core/option,true
core/result,24,1774867295242,core/result,2160,false,,core/result,false
emit-ir,25,1774867301985,emit-ir,6595,false,,,false
emit-ir,26,1774867466951,emit-ir,3907,false,,,false
emit-ir,27,1774867711209,emit-ir,3942,false,,,false
emit-ir,28,1774867717769,emit-ir,3811,false,,,false
emit-ir,29,1774867726653,emit-ir,3931,false,,,false
emit-ir,30,1774867733685,emit-ir,3787,false,,,false
emit-ir,31,1774867743597,emit-ir,3805,false,,,false
lib/core/tests/option/option_flatten.test.tml,0,1774869019119,lib/core/tests/option/option_flatten.test.tml,3930,false,,lib/core/tests/option/option_flatten.test.tml,false
lib/core/tests/result/result_transpose.test.tml,1,1774869028252,lib/core/tests/result/result_transpose.test.tml,4709,false,,lib/core/tests/result/result_transpose.test.tml,false
lib/core/tests/option/option_transpose2.test.tml,2,1774869037030,lib/core/tests/option/option_transpose2.test.tml,3960,false,,lib/core/tests/option/option_transpose2.test.tml,false
lib/core/tests/option/option_transpose2.test.tml,0,1774869138129,lib/core/tests/option/option_transpose2.test.tml,3258,false,,lib/core/tests/option/option_transpose2.test.tml,false
lib/core/tests/option/option_transpose2.test.tml,0,1774869202099,lib/core/tests/option/option_transpose2.test.tml,3494,false,,lib/core/tests/option/option_transpose2.test.tml,false
core/option,1,1774869317724,core/option,12356,false,,core/option,false
core/option,2,1774869319028,core/option,1297,false,,core/option,false
core/result,3,1774869323843,core/result,4805,false,,core/result,false
core/option,4,1774869335795,core/option,1186,false,,core/option,false
core/result,5,1774869341238,core/result,5435,false,,core/result,false
core/option,0,1774869591161,core/option,13436,false,,core/option,false
core/result,1,1774869600289,core/result,9118,false,,core/result,false
lib/core/tests/option/option_flatten.test.tml,2,1774869606185,lib/core/tests/option/option_flatten.test.tml,771,false,,lib/core/tests/option/option_flatten.test.tml,false
lib/core/tests/result/result_transpose.test.tml,3,1774869610571,lib/core/tests/result/result_transpose.test.tml,4383,false,,lib/core/tests/result/result_transpose.test.tml,false
core/iter,4,1774869653753,core/iter,38026,false,,core/iter,false
core/types,5,1774869664075,core/types,10316,false,,core/types,false
core/option,0,1774869834076,core/option,11161,false,,core/option,false
core/result,1,1774869840772,core/result,6690,false,,core/result,false
core/iter,2,1774869885019,core/iter,44243,false,,core/iter,false
core/str,3,1774869903135,core/str,18105,false,,core/str,false
core/option,0,1774870097905,core/option,17170,false,,core/option,false
core/result,1,1774870111793,core/result,13872,false,,core/result,false
core/str,0,1774878381346,core/str,647,false,,core/str,false
core/fmt,1,1774878382336,core/fmt,701,false,,core/fmt,false
core/iter,2,1774878383627,core/iter,903,false,,core/iter,false
std/collections,3,1774878390674,std/collections,1017,false,,std/collections,false
core/ops,4,1774878391411,core/ops,734,false,,core/ops,false
core/alloc,5,1774878392092,core/alloc,675,false,,core/alloc,false
std/json,6,1774878398624,std/json,577,false,,std/json,false
core/num,7,1774878399709,core/num,760,false,,core/num,false
core/error,8,1774878400411,core/error,698,false,,core/error,false
std/sync,9,1774878404055,std/sync,3637,false,,std/sync,false
lib/core/tests/iter/iter_extras.test.tml,0,1774878489190,lib/core/tests/iter/iter_extras.test.tml,5032,true,,lib/core/tests/iter/iter_extras.test.tml,true
docs/search,1,1774878508094,docs/search,2332,false,,,false
check,2,1774878526260,check,418,false,,,false
run,3,1774878543676,run,3842,true,,,false
docs/search,4,1774878552760,docs/search,0,true,,,false
docs/search,5,1774878558735,docs/search,48,false,,,false
check,6,1774878592236,check,2096,true,,,false
docs/search,7,1774878605233,docs/search,49,false,,,false
docs/search,8,1774878609540,docs/search,55,false,,,false
core/slice,9,1774878933047,core/slice,707,false,,core/slice,false
core/char,10,1774878933744,core/char,580,false,,core/char,false
core/cell,11,1774878934413,core/cell,665,false,,core/cell,false
std/crypto,12,1774878943575,std/crypto,1268,false,,std/crypto,false
std/datetime,13,1774878948356,std/datetime,4773,false,,std/datetime,false
lib/std/tests/sync/async_semaphore.test.tml,14,1774878977213,lib/std/tests/sync/async_semaphore.test.tml,460,false,,lib/std/tests/sync/async_semaphore.test.tml,false
lib/core/tests/iter/iter_extras.test.tml,15,1774878977776,lib/core/tests/iter/iter_extras.test.tml,454,false,,lib/core/tests/iter/iter_extras.test.tml,false
std/sync,16,1774878983939,std/sync,1028,false,,std/sync,false
core/iter,17,1774878985789,core/iter,1846,false,,core/iter,false
check,0,1774881880115,check,326,false,,,false
check,0,1774882193230,check,320,false,,,false
check,0,1774882209693,check,318,true,,,false
explain,0,1774882527348,explain,31,false,,,false
check,0,1774882570484,check,327,false,,,false
docs/search,0,1774882783029,docs/search,3803,false,,,false
check,0,1774882965435,check,345,false,,,false
check,0,1774883057657,check,329,false,,,false
check,0,1774883152117,check,318,false,,,false
check,0,1774883189443,check,331,true,,,false
check,0,1774883324340,check,350,false,,,false
check,1,1774883329753,check,323,true,,,false
core/str,2,1774883350622,core/str,14525,false,,core/str,false
core/iter,0,1774884324708,core/iter,22691,false,,core/iter,false
core/iter,1,1774884386008,core/iter,41364,false,,core/iter,false
core/iter,2,1774884401551,core/iter,5133,false,,core/iter,false
std/sync,3,1774884418248,std/sync,16693,false,,std/sync,false
lib/std/tests/sync/arc_methods.test.tml,4,1774884429690,lib/std/tests/sync/arc_methods.test.tml,458,false,,lib/std/tests/sync/arc_methods.test.tml,true
docs/list,0,1774886001224,docs/list,2282,false,,,false
core/str,1,1774886148615,core/str,15112,false,,core/str,false
core/fmt,2,1774886149392,core/fmt,773,false,,core/fmt,false
std/collections,3,1774886150453,std/collections,1057,false,,std/collections,false
std/json,4,1774886155312,std/json,609,false,,std/json,false
core/error,5,1774886156026,core/error,710,false,,core/error,false
std/http,6,1774886262374,std/http,106337,false,,std/http,false
std/net,7,1774886329165,std/net,61007,false,,std/net,false
core/iter,8,1774886330031,core/iter,841,false,,core/iter,false
std/crypto,9,1774886331406,std/crypto,1368,false,,std/crypto,false
std/file,10,1774886365271,std/file,14652,false,,std/file,false
std/regex,11,1774886365778,std/regex,497,false,,std/regex,false
core/ops,12,1774886366567,core/ops,782,false,,core/ops,false
lib/std/tests/file/bufio.test.tml,13,1774886383110,lib/std/tests/file/bufio.test.tml,9553,false,,lib/std/tests/file/bufio.test.tml,true
check,14,1774886392092,check,379,false,,,false
emit-ir,15,1774886418019,emit-ir,9493,true,,,false
std/file,0,1774886972085,std/file,26826,false,,std/file,false
core/iter,1,1774887025316,core/iter,53219,false,,core/iter,false
core/ops,2,1774887076123,core/ops,25781,false,,core/ops,false
std/collections,3,1774887101347,std/collections,25213,false,,std/collections,false
std/json,4,1774887117270,std/json,15913,false,,std/json,false
lib/std/tests/collections/class_coverage.test.tml,5,1774887124872,lib/std/tests/collections/class_coverage.test.tml,460,false,,lib/std/tests/collections/class_coverage.test.tml,false
core/iter,0,1774887502147,core/iter,59804,false,,core/iter,false
std/file,1,1774887528736,std/file,26584,false,,std/file,false
core/iter,2,1774887600817,core/iter,9596,false,,core/iter,false
docs/list,3,1774887737274,docs/list,2336,false,,,false
docs/search,4,1774887737492,docs/search,211,false,,,false
docs/search,5,1774887740999,docs/search,148,false,,,false
docs/get,6,1774887741008,docs/get,5,false,,,false
docs/get,7,1774887743738,docs/get,7,false,,,false
docs/get,8,1774887744072,docs/get,6,false,,,false
docs/get,9,1774887744379,docs/get,4,false,,,false
docs/get,10,1774887748338,docs/get,7,false,,,false
docs/get,11,1774887748425,docs/get,7,false,,,false
docs/get,12,1774887748509,docs/get,7,false,,,false
docs/get,13,1774887753211,docs/get,7,false,,,false
docs/search,14,1774887767702,docs/search,69,false,,,false
check,15,1774887818741,check,36,true,,,false
check,16,1774887832225,check,336,false,,,false
lib/std/tests/runtime/async_bench.test.tml,17,1774887839843,lib/std/tests/runtime/async_bench.test.tml,4930,false,,lib/std/tests/runtime/async_bench.test.tml,false
lib/std/tests/runtime/async_bench.test.tml,18,1774887844200,lib/std/tests/runtime/async_bench.test.tml,420,false,,lib/std/tests/runtime/async_bench.test.tml,false
lib/std/tests/runtime/async_bench.test.tml,19,1774887858593,lib/std/tests/runtime/async_bench.test.tml,417,false,,lib/std/tests/runtime/async_bench.test.tml,true
lib/std/tests/runtime/async_bench.test.tml,20,1774887867268,lib/std/tests/runtime/async_bench.test.tml,872,false,,lib/std/tests/runtime/async_bench.test.tml,false
lib/std/tests/runtime/multi_exec_counter.test.tml,21,1774887876891,lib/std/tests/runtime/multi_exec_counter.test.tml,5659,false,,lib/std/tests/runtime/multi_exec_counter.test.tml,false
std/runtime,22,1774887889798,std/runtime,8953,false,,std/runtime,false
lib/std/tests/runtime/multi_exec_defaults.test.tml,23,1774887899529,lib/std/tests/runtime/multi_exec_defaults.test.tml,470,false,,lib/std/tests/runtime/multi_exec_defaults.test.tml,false
check,24,1774887914529,check,338,false,,,false
std/runtime,25,1774887922891,std/runtime,5469,false,,std/runtime,false
check,26,1774887952774,check,337,false,,,false
lib/std/tests/runtime/bench_task_switch.test.tml,27,1774887960322,lib/std/tests/runtime/bench_task_switch.test.tml,4826,false,,lib/std/tests/runtime/bench_task_switch.test.tml,false
check,28,1774887977100,check,344,false,,,false
lib/std/tests/runtime/bench_spawn_throughput.test.tml,29,1774887985303,lib/std/tests/runtime/bench_spawn_throughput.test.tml,6036,false,,lib/std/tests/runtime/bench_spawn_throughput.test.tml,false
check,30,1774888015516,check,340,false,,,false
check,31,1774888015897,check,375,false,,,false
check,32,1774888016264,check,362,false,,,false
lib/std/tests/runtime/bench_scaling_1w.test.tml,33,1774888025003,lib/std/tests/runtime/bench_scaling_1w.test.tml,5126,false,,lib/std/tests/runtime/bench_scaling_1w.test.tml,false
lib/std/tests/runtime/bench_scaling_2w.test.tml,34,1774888029979,lib/std/tests/runtime/bench_scaling_2w.test.tml,4972,false,,lib/std/tests/runtime/bench_scaling_2w.test.tml,false
lib/std/tests/runtime/bench_scaling_4w.test.tml,35,1774888035021,lib/std/tests/runtime/bench_scaling_4w.test.tml,5036,false,,lib/std/tests/runtime/bench_scaling_4w.test.tml,false
std/runtime,36,1774888040664,std/runtime,2267,false,,std/runtime,false
std/runtime,37,1774888065556,std/runtime,2122,false,,std/runtime,false
core/reflect,38,1774888186983,core/reflect,6273,false,,core/reflect,false
check,39,1774888199888,check,37,true,,,false
core/reflect,40,1774888378643,core/reflect,4921,false,,core/reflect,false
core/any,41,1774888419012,core/any,25457,false,,core/any,false
core/cell,42,1774888419668,core/cell,649,false,,core/cell,false
core/alloc,43,1774888420402,core/alloc,728,false,,core/alloc,false
std/stream,44,1774888439825,std/stream,14010,false,,std/stream,false
std/os,45,1774888451029,std/os,11198,false,,std/os,false
core/num,46,1774888451833,core/num,798,false,,core/num,false
check,47,1774888484463,check,790,true,,,false
std/datetime,48,1774888493388,std/datetime,595,false,,std/datetime,false
std/random,49,1774888504212,std/random,10819,false,,std/random,false
core/slice,50,1774888504871,core/slice,654,false,,core/slice,false
std/log,51,1774888515616,std/log,6748,false,,std/log,false
std/sqlite,52,1774888525366,std/sqlite,9744,false,,std/sqlite,false
core/future,53,1774888529201,core/future,3829,false,,core/future,false
core/future,54,1774888750073,core/future,5528,false,,core/future,false
std/stream,55,1774888785642,std/stream,35564,false,,std/stream,false
docs/list,56,1774888799138,docs/list,2317,false,,,false
docs/search,57,1774888807789,docs/search,61,false,,,false
check,58,1774888841317,check,352,true,,,false
check,59,1774888857392,check,402,true,,,false
core/future,60,1774888899451,core/future,3607,false,,core/future,false
core/traits,61,1774889004349,core/traits,4161,false,,core/traits,false
std/cli,62,1774889004842,std/cli,488,false,,std/cli,false
core/ptr,63,1774889005512,core/ptr,662,false,,core/ptr,false
std/thread,64,1774889017833,std/thread,5591,false,,std/thread,false
std/zlib,65,1774889044251,std/zlib,26414,false,,std/zlib,false
core/unicode,66,1774889058034,core/unicode,13768,false,,core/unicode,false
docs/search,67,1774889071963,docs/search,64,false,,,false
check,68,1774889103161,check,342,true,,,false
std/thread,69,1774889129791,std/thread,12961,false,,std/thread,false
docs/search,70,1774889149940,docs/search,35,false,,,false
std/search,71,1774889303263,std/search,7735,false,,std/search,false
core/intrinsics,72,1774889317710,core/intrinsics,14439,false,,core/intrinsics,false
std/observable,73,1774889323353,std/observable,5637,false,,std/observable,false
std/promise,74,1774889333650,std/promise,6764,false,,std/promise,false
std/debug,75,1774889337433,std/debug,3779,false,,std/debug,false
core/char,76,1774889337997,core/char,558,false,,core/char,false
core/array,77,1774889352433,core/array,623,false,,core/array,false
std/regex,78,1774889352910,std/regex,472,false,,std/regex,false
test/test,79,1774889353025,test/test,105,false,,test/test,false
std/tls,80,1774889357105,std/tls,100,false,,std/tls,false
compiler/compiler,81,1774889359713,compiler/compiler,2259,false,,compiler/compiler,false
core/types,82,1774889364399,core/types,4681,false,,core/types,false
docs/search,83,1774889371222,docs/search,22,false,,,false
docs/search,84,1774889388872,docs/search,20,false,,,false
docs/search,85,1774889399377,docs/search,44,false,,,false
check,86,1774889412183,check,359,false,,,false
compiler/compiler,87,1774889453790,compiler/compiler,9028,false,,compiler/compiler,false
compiler/compiler,88,1774889470673,compiler/compiler,12396,false,,compiler/compiler,false
std/process,89,1774889484722,std/process,101,false,,std/process,false
std/pipe,90,1774889489161,std/pipe,4033,false,,std/pipe,false
core/derive,91,1774889495433,core/derive,6262,false,,core/derive,false
lib/std/tests/promise/promise_basic.test.tml,0,1774891147774,lib/std/tests/promise/promise_basic.test.tml,4142,false,,lib/std/tests/promise/promise_basic.test.tml,true
emit-ir,1,1774891167959,emit-ir,3706,false,,,false
docs/search,2,1774891177286,docs/search,2347,false,,,false
emit-ir,3,1774891190964,emit-ir,3661,false,,,false
emit-ir,4,1774891215586,emit-ir,3644,false,,,false
std/promise,0,1774891499411,std/promise,6718,false,,std/promise,false
core/iter,0,1774891577648,core/iter,55207,false,,core/iter,false
core/task,0,1774938760144,core/task,4931,false,,core/task,false
core/async_iter,1,1774938761701,core/async_iter,1549,false,,core/async_iter,false
std/aio,2,1774938762302,std/aio,596,false,,std/aio,false
docs/search,3,1774938786894,docs/search,2689,false,,,false
check,4,1774938868019,check,471,false,,,false
core/async_iter,5,1774938881844,core/async_iter,7319,false,,core/async_iter,false
docs/search,6,1774938901944,docs/search,36,false,,,false
check,7,1774938964702,check,406,false,,,false
core/task,8,1774938982775,core/task,10508,false,,core/task,false
lib/core/tests/task/pending_new.test.tml,9,1774938990942,lib/core/tests/task/pending_new.test.tml,471,false,,lib/core/tests/task/pending_new.test.tml,false
lib/core/tests/task/poll.test.tml,10,1774938991460,lib/core/tests/task/poll.test.tml,447,false,,lib/core/tests/task/poll.test.tml,false
lib/core/tests/task/poll_default_dup_eq.test.tml,11,1774938992337,lib/core/tests/task/poll_default_dup_eq.test.tml,436,false,,lib/core/tests/task/poll_default_dup_eq.test.tml,false
core/future,12,1774939020540,core/future,485,false,,core/future,false
std/stream,13,1774939021923,std/stream,698,false,,std/stream,false
std/promise,0,1774989616819,std/promise,8389,false,,std/promise,true
core/task,1,1774989626177,core/task,9352,false,,core/task,true
emit-ir,2,1774989641923,emit-ir,3717,false,,,false
emit-ir,3,1774989645732,emit-ir,3804,false,,,false
std/promise,0,1774990938467,std/promise,6547,false,,std/promise,false
std/promise,0,1774991011198,std/promise,6757,false,,std/promise,false
emit-ir,1,1774991020434,emit-ir,3913,false,,,false
emit-ir,2,1774991030273,emit-ir,3797,false,,,false
emit-ir,3,1774991099947,emit-ir,3760,false,,,false
emit-ir,4,1774991131933,emit-ir,3948,false,,,false
emit-ir,0,1774991165824,emit-ir,4418,false,,,false
emit-ir,0,1774991195287,emit-ir,3894,false,,,false
emit-ir,0,1774991553334,emit-ir,3926,false,,,false
std/promise,1,1774991565969,std/promise,7512,false,,std/promise,false
core/alloc,2,1774991605473,core/alloc,27683,false,,core/alloc,false
core/iter,3,1774991651648,core/iter,46169,false,,core/iter,false
std/sync,4,1774991680287,std/sync,22321,false,,std/sync,false
std/collections,5,1774991747766,std/collections,67463,false,,std/collections,false
emit-ir,6,1774991760958,emit-ir,7506,false,,,false
emit-ir,7,1774991772054,emit-ir,6965,false,,,false
emit-ir,8,1774991783373,emit-ir,7228,false,,,false
core/str,9,1774991847915,core/str,21866,false,,core/str,false
core/fmt,10,1774991877389,core/fmt,29458,false,,core/fmt,false
core/option,11,1774991892542,core/option,15141,false,,core/option,false
std/promise,0,1774991948116,std/promise,7620,false,,std/promise,false
core/option,1,1774991960989,core/option,12864,false,,core/option,false
core/option,0,1774992000770,core/option,13432,false,,core/option,false
core/result,0,1774992041486,core/result,7684,false,,core/result,false
std/file,1,1774992064781,std/file,23289,false,,std/file,false
std/json,2,1774992085102,std/json,20315,false,,std/json,false
std/promise,0,1774992116989,std/promise,7550,false,,std/promise,false
core/str,0,1774995138830,core/str,813,false,,core/str,false
core/fmt,1,1774995143092,core/fmt,982,false,,core/fmt,false
core/iter,0,1775038677537,core/iter,57296,false,,core/iter,false
core/num,1,1775039255169,core/num,2899,false,,core/num,false
std/collections,2,1775039262672,std/collections,4180,false,,std/collections,false
core/str,0,1775040923422,core/str,15001,false,,core/str,false
core/str,0,1775041535128,core/str,14971,false,,core/str,false
std/collections,1,1775041542099,std/collections,1243,false,,std/collections,false
core/str,0,1775042753100,core/str,21084,false,,core/str,false
core/str,0,1775043071398,core/str,18655,false,,core/str,false
std/json,1,1775043076331,std/json,698,false,,std/json,false
std/collections,0,1775043377977,std/collections,59142,false,,std/collections,false
core/str,0,1775044306890,core/str,15301,false,,core/str,false
core/str,0,1775045169299,core/str,7719,false,,core/str,false
core/str,0,1775045246897,core/str,7576,false,,core/str,false
core/str,0,1775045425268,core/str,15803,false,,core/str,false
core/str,0,1775048831926,core/str,11425,false,,core/str,false
core/str,1,1775048851019,core/str,13730,true,,core/str,false
core/str,2,1775048882368,core/str,1043,false,,core/str,false
core/str,0,1775049366637,core/str,22268,false,,core/str,false
core/fmt,1,1775049408926,core/fmt,38642,false,,core/fmt,false
core/str,2,1775050204071,core/str,4461,false,,core/str,false
core/fmt,3,1775050221071,core/fmt,12507,false,,core/fmt,false
std/collections,4,1775050312551,std/collections,91472,false,,std/collections,false
std/sync,5,1775050667342,std/sync,15632,false,,std/sync,false
std/sync,6,1775050686036,std/sync,9352,false,,std/sync,false
std/sync,7,1775050699022,std/sync,3420,false,,std/sync,false
std/sync,8,1775050704879,std/sync,922,false,,std/sync,false
lib/std/tests/sync/atomic.test.tml,9,1775050716367,lib/std/tests/sync/atomic.test.tml,810,false,,lib/std/tests/sync/atomic.test.tml,false
lib/std/tests/sync/atomic_bool.test.tml,10,1775050721428,lib/std/tests/sync/atomic_bool.test.tml,862,false,,lib/std/tests/sync/atomic_bool.test.tml,false
lib/std/tests/sync/atomic_i32.test.tml,11,1775050730350,lib/std/tests/sync/atomic_i32.test.tml,8918,false,,lib/std/tests/sync/atomic_i32.test.tml,false
lib/std/tests/sync/atomic_ptr.test.tml,12,1775050739601,lib/std/tests/sync/atomic_ptr.test.tml,9246,false,,lib/std/tests/sync/atomic_ptr.test.tml,false
lib/std/tests/sync/atomic_coverage.test.tml,13,1775050744884,lib/std/tests/sync/atomic_coverage.test.tml,781,false,,lib/std/tests/sync/atomic_coverage.test.tml,false
lib/std/tests/sync/atomic_usize.test.tml,14,1775050752296,lib/std/tests/sync/atomic_usize.test.tml,7407,false,,lib/std/tests/sync/atomic_usize.test.tml,false
docs/search,0,1775052799993,docs/search,2553,false,,,false
docs/search,1,1775052800125,docs/search,123,false,,,false
docs/list,2,1775052805709,docs/list,4,false,,,false
docs/search,3,1775052846666,docs/search,62,false,,,false
docs/search,4,1775052847165,docs/search,72,false,,,false
docs/list,5,1775052847216,docs/list,4,false,,,false
docs/list,6,1775052850794,docs/list,3,false,,,false
docs/search,7,1775052851371,docs/search,81,false,,,false
docs/search,8,1775052851753,docs/search,68,false,,,false
docs/search,9,1775052858258,docs/search,32,false,,,false
docs/search,10,1775052863285,docs/search,51,false,,,false
docs/search,11,1775052877140,docs/search,63,false,,,false
docs/get,12,1775053097426,docs/get,5,false,,,false
docs/get,13,1775053101189,docs/get,6,false,,,false
check,0,1775053175591,check,436,true,,,false
check,1,1775053194258,check,287,true,,,false
lib/std/tests/console/basic_output.test.tml,2,1775053230512,lib/std/tests/console/basic_output.test.tml,3803,true,,lib/std/tests/console/basic_output.test.tml,false
emit-ir,3,1775053238472,emit-ir,392,true,,,false
lib/std/tests/console/minimal.test.tml,4,1775053262426,lib/std/tests/console/minimal.test.tml,3670,true,,lib/std/tests/console/minimal.test.tml,false
cache/invalidate,5,1775053267848,cache/invalidate,0,true,,,false
lib/std/tests/console/minimal.test.tml,6,1775053272753,lib/std/tests/console/minimal.test.tml,881,true,,lib/std/tests/console/minimal.test.tml,false
lib/std/tests/console/minimal.test.tml,7,1775053307567,lib/std/tests/console/minimal.test.tml,926,true,,lib/std/tests/console/minimal.test.tml,false
lib/std/tests/console/minimal.test.tml,0,1775053370140,lib/std/tests/console/minimal.test.tml,3902,false,,lib/std/tests/console/minimal.test.tml,false
lib/std/tests/console/basic_output.test.tml,1,1775053378005,lib/std/tests/console/basic_output.test.tml,3483,true,,lib/std/tests/console/basic_output.test.tml,false
docs/search,2,1775053393789,docs/search,2335,false,,,false
lib/std/tests/console/basic_output.test.tml,0,1775053473878,lib/std/tests/console/basic_output.test.tml,3607,true,,lib/std/tests/console/basic_output.test.tml,false
lib/std/tests/console/basic_output.test.tml,0,1775053585214,lib/std/tests/console/basic_output.test.tml,4290,false,,lib/std/tests/console/basic_output.test.tml,false
lib/std/tests/console/timing.test.tml,1,1775053602388,lib/std/tests/console/timing.test.tml,3876,false,,lib/std/tests/console/timing.test.tml,false
lib/std/tests/console/counting.test.tml,2,1775053619163,lib/std/tests/console/counting.test.tml,3976,false,,lib/std/tests/console/counting.test.tml,false
lib/std/tests/console/grouping_assert_table.test.tml,3,1775053637569,lib/std/tests/console/grouping_assert_table.test.tml,4377,false,,lib/std/tests/console/grouping_assert_table.test.tml,false
std/console,4,1775053642461,std/console,360,false,,std/console,false
std/math,5,1775053672344,std/math,5812,true,,std/math,false
lib/std/tests/math/copysign.test.tml,0,1775053711369,lib/std/tests/math/copysign.test.tml,3337,false,,lib/std/tests/math/copysign.test.tml,false
lib/std/tests/console/basic_output.test.tml,1,1775053711732,lib/std/tests/console/basic_output.test.tml,355,false,,lib/std/tests/console/basic_output.test.tml,false
lib/std/tests/math/trig.test.tml,2,1775053726610,lib/std/tests/math/trig.test.tml,3507,false,,lib/std/tests/math/trig.test.tml,false
std/console,3,1775053732202,std/console,348,false,,std/console,false
lib/std/tests/console/minimal.test.tml,0,1775053875983,lib/std/tests/console/minimal.test.tml,3996,false,,lib/std/tests/console/minimal.test.tml,false
std/console,1,1775053884666,std/console,4431,false,,std/console,false
core/fmt,2,1775053911891,core/fmt,22610,false,,core/fmt,false
core/str,3,1775053931778,core/str,19873,false,,core/str,false
lib/std/tests/inspector/basic.test.tml,0,1775055408188,lib/std/tests/inspector/basic.test.tml,3291,false,,lib/std/tests/inspector/basic.test.tml,false
docs/search,1,1775059371482,docs/search,2397,false,,,false
docs/list,2,1775059371492,docs/list,5,false,,,false
docs/get,3,1775059374210,docs/get,5,false,,,false
docs/search,4,1775059374594,docs/search,54,false,,,false
docs/list,5,1775059378341,docs/list,4,false,,,false
docs/list,6,1775059378349,docs/list,4,false,,,false
docs/search,7,1775059381729,docs/search,157,false,,,false
docs/search,8,1775059396491,docs/search,111,false,,,false
docs/search,9,1775059407938,docs/search,184,false,,,false
docs/search,10,1775059428232,docs/search,108,false,,,false
docs/get,11,1775059430433,docs/get,3,false,,,false
check,12,1775059469414,check,1311,false,,,false
lib/std/tests/inspector/handshake.test.tml,13,1775059478276,lib/std/tests/inspector/handshake.test.tml,1997,false,,lib/std/tests/inspector/handshake.test.tml,true
check,14,1775059518039,check,1328,false,,,false
lib/std/tests/inspector/handshake.test.tml,15,1775059529662,lib/std/tests/inspector/handshake.test.tml,8730,false,,lib/std/tests/inspector/handshake.test.tml,true
lib/std/tests/inspector/handshake.test.tml,16,1775059533908,lib/std/tests/inspector/handshake.test.tml,346,false,,lib/std/tests/inspector/handshake.test.tml,false
lib/std/tests/inspector/basic.test.tml,17,1775059540024,lib/std/tests/inspector/basic.test.tml,357,false,,lib/std/tests/inspector/basic.test.tml,false
std/inspector,18,1775059545477,std/inspector,350,false,,std/inspector,false
core/str,0,1775060619338,core/str,6721,false,,core/str,false
lib/core/tests/str/basic.test.tml,1,1775060624464,lib/core/tests/str/basic.test.tml,100,false,,lib/core/tests/str/basic.test.tml,true
core/fmt,2,1775060634045,core/fmt,5507,false,,core/fmt,false
emit-ir,3,1775060743514,emit-ir,323,false,,,false
emit-ir,0,1775060814060,emit-ir,325,false,,,false
core/str,0,1775061008485,core/str,6002,false,,core/str,false
core/str,0,1775061101870,core/str,6393,false,,core/str,false
lib/std/tests/inspector/basic.test.tml,1,1775061111287,lib/std/tests/inspector/basic.test.tml,3320,true,,lib/std/tests/inspector/basic.test.tml,false
core/str,0,1775061224695,core/str,13885,false,,core/str,false
std/inspector,1,1775061237027,std/inspector,7449,false,,std/inspector,false
core/str,0,1775061836674,core/str,13856,false,,core/str,false
std/inspector,1,1775061844220,std/inspector,7539,false,,std/inspector,false
core/str,0,1775062735521,core/str,14149,false,,core/str,false
std/inspector,1,1775062744519,std/inspector,8991,false,,std/inspector,false
core/str,0,1775063381180,core/str,17353,false,,core/str,false
std/inspector,1,1775063390485,std/inspector,9297,false,,std/inspector,false
core/str,0,1775063869462,core/str,13840,false,,core/str,false
core/str,0,1775064531599,core/str,16095,false,,core/str,false
core/str,0,1775065563455,core/str,14673,false,,core/str,false
core/str,0,1775066045164,core/str,14818,false,,core/str,false
std/inspector,1,1775066053320,std/inspector,8149,false,,std/inspector,false
core/str,0,1775067252675,core/str,17135,false,,core/str,false
core/str,0,1775067374362,core/str,16022,false,,core/str,false
std/inspector,1,1775067382465,std/inspector,8092,false,,std/inspector,false
core/str,2,1775067810186,core/str,2952,false,,core/str,false
core/fmt,3,1775067848081,core/fmt,37885,false,,core/fmt,false
std/console,4,1775067852765,std/console,4679,false,,std/console,false
std/inspector,5,1775067853605,std/inspector,830,false,,std/inspector,false
std/collections,6,1775067909297,std/collections,55682,false,,std/collections,false
debug,7,1775068107150,debug,1146,false,,,false
debug,8,1775068112440,debug,755,false,,,false
profile,9,1775068116635,profile,331,false,,,false
inspect,10,1775068161014,inspect,4459,false,,,false
test,11,1775068724535,test,18640,false,,,false
core/str,12,1775068742630,core/str,2865,false,,core/str,false
core/fmt,13,1775068745663,core/fmt,3021,false,,core/fmt,false
std/collections,14,1775068751814,std/collections,6133,false,,std/collections,false
std/console,15,1775068753189,std/console,1340,false,,std/console,false
std/inspector,16,1775068754057,std/inspector,857,false,,std/inspector,false
std/sync,17,1775068759078,std/sync,5007,false,,std/sync,false
core/iter,18,1775068767811,core/iter,3077,false,,core/iter,false
core/slice,19,1775068783046,core/slice,15222,false,,core/slice,false
std/json,20,1775068785459,std/json,2366,false,,std/json,false
std/crypto,21,1775068787858,std/crypto,2386,false,,std/crypto,false
core/num,22,1775068791575,core/num,3703,false,,core/num,false
std/promise,23,1775068802336,std/promise,10678,false,,std/promise,false
std/file,24,1775068809307,std/file,953,false,,std/file,false
core/error,25,1775068811176,core/error,1863,false,,core/error,false
core/option,26,1775068816320,core/option,5136,false,,core/option,false
std/net,27,1775068819299,std/net,2973,false,,std/net,false
std/regex,28,1775068819920,std/regex,611,false,,std/regex,false
project/coverage,29,1775068919371,project/coverage,0,true,,,false
project/coverage,30,1775068936384,project/coverage,12480,true,,,false
core/str,0,1775072931014,core/str,17928,false,,core/str,false
core/fmt,1,1775073053323,core/fmt,29857,false,,core/fmt,false
core/str,2,1775073087072,core/str,605,false,,core/str,false
std/collections,3,1775073093580,std/collections,3164,false,,std/collections,false
emit-ir,0,1775078372968,emit-ir,829,false,,,false
core/str,0,1775079606066,core/str,15626,false,,core/str,false
emit-ir,1,1775079667429,emit-ir,874,false,,,false
emit-mir,2,1775079686708,emit-mir,4679,true,,,false
core/str,0,1775079886179,core/str,14994,false,,core/str,false
core/str,1,1775079905679,core/str,16217,false,,core/str,false
core/fmt,2,1775079970331,core/fmt,25485,false,,core/fmt,false
std/collections,3,1775080029892,std/collections,55687,false,,std/collections,false
core/str,0,1775080210384,core/str,16990,false,,core/str,false
core/fmt,1,1775080252193,core/fmt,25691,false,,core/fmt,false
core/str,2,1775080263609,core/str,614,false,,core/str,false
lib/core/tests/error/error_coverage_extra.test.tml,0,1775090583694,lib/core/tests/error/error_coverage_extra.test.tml,381,false,,lib/core/tests/error/error_coverage_extra.test.tml,false
lib/std/tests/ffi/cstr_extra_coverage.test.tml,1,1775137054985,lib/std/tests/ffi/cstr_extra_coverage.test.tml,6463,false,,lib/std/tests/ffi/cstr_extra_coverage.test.tml,false
check,0,1775137975177,check,649,true,,,false
docs/resolve,1,1775137984708,docs/resolve,2512,false,,,false
docs/resolve,2,1775137984741,docs/resolve,3,false,,,false
docs/search,3,1775137988656,docs/search,79,false,,,false
docs/search,4,1775137989002,docs/search,51,false,,,false
docs/search,5,1775137992872,docs/search,42,false,,,false
core/result,6,1775138010208,core/result,5278,false,,core/result,false
check,7,1775138023530,check,566,false,,,false
F:/Node/hivellm/tml/.sandbox/test_outcome_closures.tml,8,1775138026845,F:/Node/hivellm/tml/.sandbox/test_outcome_closures.tml,144,false,,F:/Node/hivellm/tml/.sandbox/test_outcome_closures.tml,false
F:/Node/hivellm/tml/.sandbox/test_outcome_closures.tml,9,1775138032509,F:/Node/hivellm/tml/.sandbox/test_outcome_closures.tml,146,false,,F:/Node/hivellm/tml/.sandbox/test_outcome_closures.tml,false
F:/Node/hivellm/tml/.sandbox/test_outcome_closures.tml,10,1775138035734,F:/Node/hivellm/tml/.sandbox/test_outcome_closures.tml,155,false,,F:/Node/hivellm/tml/.sandbox/test_outcome_closures.tml,false
lib/core/tests/result/test_closures_tmp.test.tml,11,1775138048813,lib/core/tests/result/test_closures_tmp.test.tml,4535,false,,lib/core/tests/result/test_closures_tmp.test.tml,false
lib/core/tests/result/test_closures_tmp.test.tml,12,1775138070003,lib/core/tests/result/test_closures_tmp.test.tml,7746,false,,lib/core/tests/result/test_closures_tmp.test.tml,false
lib/core/tests/result/test_closures_tmp.test.tml,13,1775138075146,lib/core/tests/result/test_closures_tmp.test.tml,1006,false,,lib/core/tests/result/test_closures_tmp.test.tml,false
cache/invalidate,14,1775138079147,cache/invalidate,0,true,,,false
cache/invalidate,15,1775138085010,cache/invalidate,58,false,,,false
lib/core/tests/result/test_closures_tmp.test.tml,16,1775138096949,lib/core/tests/result/test_closures_tmp.test.tml,8435,false,,lib/core/tests/result/test_closures_tmp.test.tml,false
lib/core/tests/result/test_closures_tmp.test.tml,17,1775138109105,lib/core/tests/result/test_closures_tmp.test.tml,7151,false,,lib/core/tests/result/test_closures_tmp.test.tml,true
lib/core/tests/result/test_closures_tmp.test.tml,18,1775138123729,lib/core/tests/result/test_closures_tmp.test.tml,4697,false,,lib/core/tests/result/test_closures_tmp.test.tml,false
lib/core/tests/result/result_basic.test.tml,19,1775138145182,lib/core/tests/result/result_basic.test.tml,584,false,,lib/core/tests/result/result_basic.test.tml,false
lib/core/tests/result/test_closures_tmp.test.tml,20,1775138184811,lib/core/tests/result/test_closures_tmp.test.tml,7343,false,,lib/core/tests/result/test_closures_tmp.test.tml,false
check,21,1775138198163,check,1148,true,,,false
check,22,1775138207026,check,973,false,,,false
lib/core/tests/option/test_closures_tmp.test.tml,23,1775138215050,lib/core/tests/option/test_closures_tmp.test.tml,5266,false,,lib/core/tests/option/test_closures_tmp.test.tml,false
docs/search,24,1775138219096,docs/search,160,false,,,false
check,25,1775138227773,check,405,false,,,false
lib/core/tests/array/test_closures_tmp.test.tml,26,1775138235082,lib/core/tests/array/test_closures_tmp.test.tml,4212,false,,lib/core/tests/array/test_closures_tmp.test.tml,false
core/char,0,1775138254159,core/char,698,false,,core/char,false
core/ascii,1,1775138254765,core/ascii,595,false,,core/ascii,false
core/iter,0,1775138319954,core/iter,1316,false,,core/iter,false
core/str,1,1775138324496,core/str,700,false,,core/str,false
core/fmt,2,1775138325632,core/fmt,1131,false,,core/fmt,false
core/slice,3,1775138326542,core/slice,904,false,,core/slice,false
core/num,4,1775138327723,core/num,1169,false,,core/num,false
std/collections,5,1775138332408,std/collections,1187,false,,std/collections,false
std/json,6,1775138333138,std/json,722,false,,std/json,false
std/sync,7,1775138334047,std/sync,904,false,,std/sync,false
compiler/compiler,8,1775138343181,compiler/compiler,9129,false,,compiler/compiler,false
check,9,1775138439439,check,2513,true,,,false
check,10,1775138450587,check,2563,false,,,false
lib/core/tests/result/test_closures_tmp.test.tml,11,1775138464752,lib/core/tests/result/test_closures_tmp.test.tml,10670,false,,lib/core/tests/result/test_closures_tmp.test.tml,false
lib/core/tests/result/test_closures_tmp.test.tml,12,1775138481933,lib/core/tests/result/test_closures_tmp.test.tml,4582,false,,lib/core/tests/result/test_closures_tmp.test.tml,false
lib/core/tests/result/test_closures_tmp.test.tml,13,1775138515236,lib/core/tests/result/test_closures_tmp.test.tml,10320,false,,lib/core/tests/result/test_closures_tmp.test.tml,false
lib/core/tests/result/test_closures_tmp.test.tml,14,1775138535965,lib/core/tests/result/test_closures_tmp.test.tml,7788,false,,lib/core/tests/result/test_closures_tmp.test.tml,false
lib/core/tests/result/test_closures_tmp2.test.tml,15,1775138552519,lib/core/tests/result/test_closures_tmp2.test.tml,6754,false,,lib/core/tests/result/test_closures_tmp2.test.tml,false
lib/core/tests/result/test_closures_tmp2.test.tml,16,1775138561269,lib/core/tests/result/test_closures_tmp2.test.tml,5315,true,,lib/core/tests/result/test_closures_tmp2.test.tml,true
emit-ir,17,1775138570321,emit-ir,4744,false,,,false
lib/core/tests/result/test_closures_tmp2.test.tml,18,1775138592949,lib/core/tests/result/test_closures_tmp2.test.tml,4775,false,,lib/core/tests/result/test_closures_tmp2.test.tml,false
docs/get,19,1775138601218,docs/get,3640,false,,,false
emit-mir,20,1775138654261,emit-mir,4177,true,,,false
lib/core/tests/result/test_closures_tmp.test.tml,0,1775141304424,lib/core/tests/result/test_closures_tmp.test.tml,525,false,,lib/core/tests/result/test_closures_tmp.test.tml,false
lib/core/tests/option/option_methods_extra.test.tml,1,1775141305895,lib/core/tests/option/option_methods_extra.test.tml,890,false,,lib/core/tests/option/option_methods_extra.test.tml,false
lib/core/tests/option/option_methods_extra.test.tml,2,1775141343747,lib/core/tests/option/option_methods_extra.test.tml,7867,false,,lib/core/tests/option/option_methods_extra.test.tml,false
lib/core/tests/option/option_methods_extra.test.tml,3,1775141380828,lib/core/tests/option/option_methods_extra.test.tml,6282,false,,lib/core/tests/option/option_methods_extra.test.tml,false
lib/core/tests/option/option_methods_extra.test.tml,4,1775141401103,lib/core/tests/option/option_methods_extra.test.tml,5444,false,,lib/core/tests/option/option_methods_extra.test.tml,false
lib/core/tests/option/option_methods_extra.test.tml,5,1775141422194,lib/core/tests/option/option_methods_extra.test.tml,5062,false,,lib/core/tests/option/option_methods_extra.test.tml,false
check,0,1775141577099,check,382,false,,,false
run,1,1775141586154,run,5767,false,,,false
core/option,2,1775141595556,core/option,5023,false,,core/option,false
f:/Node/hivellm/tml/lib/core/tests/option/option_iter2.test.tml,3,1775141602318,f:/Node/hivellm/tml/lib/core/tests/option/option_iter2.test.tml,1017,false,,f:/Node/hivellm/tml/lib/core/tests/option/option_iter2.test.tml,true
emit-ir,4,1775141612333,emit-ir,5523,false,,,false
emit-ir,5,1775141622866,emit-ir,4235,false,,,false
emit-ir,6,1775141635580,emit-ir,4345,false,,,false
emit-ir,7,1775141643985,emit-ir,4255,false,,,false
emit-ir,8,1775141688588,emit-ir,4447,false,,,false
emit-ir,9,1775141699661,emit-ir,4519,false,,,false
emit-ir,10,1775141709413,emit-ir,4705,false,,,false
f:/Node/hivellm/tml/lib/core/tests/option/option_iter2.test.tml,0,1775142243750,f:/Node/hivellm/tml/lib/core/tests/option/option_iter2.test.tml,4968,false,,f:/Node/hivellm/tml/lib/core/tests/option/option_iter2.test.tml,false
emit-ir,1,1775142252983,emit-ir,4685,false,,,false
emit-ir,2,1775142264305,emit-ir,4666,false,,,false
emit-mir,3,1775142364957,emit-mir,4615,true,,,false
emit-ir,4,1775142906791,emit-ir,5854,false,,,false
f:/Node/hivellm/tml/lib/core/tests/option/option_iter2.test.tml,0,1775143342748,f:/Node/hivellm/tml/lib/core/tests/option/option_iter2.test.tml,4665,false,,f:/Node/hivellm/tml/lib/core/tests/option/option_iter2.test.tml,false
emit-ir,1,1775143352591,emit-ir,4412,false,,,false
emit-ir,2,1775143392782,emit-ir,4352,false,,,false
run,3,1775143600349,run,5092,true,,,false
emit-ir,4,1775143611028,emit-ir,5165,false,,,false
run,0,1775144214388,run,4426,true,,,false
run,0,1775144786787,run,4676,true,,,false
run,0,1775144886003,run,4347,true,,,false
run,0,1775145219844,run,4447,true,,,false
core/option,0,1775145464393,core/option,11527,false,,core/option,false
core/iter,1,1775145527836,core/iter,43754,false,,core/iter,false
core/outcome,2,1775145534221,core/outcome,118,false,,core/outcome,false
emit-ir,3,1775145607302,emit-ir,4274,false,,,false
emit-ir,4,1775145616264,emit-ir,4187,false,,,false
emit-ir,5,1775145629769,emit-ir,4347,false,,,false
run,0,1775146151985,run,4469,true,,,false
run,0,1775146454271,run,4450,true,,,false
run,0,1775153302777,run,6417,false,,,false
run,0,1775153421153,run,4525,false,,,false
core/option,1,1775153433936,core/option,12774,false,,core/option,false
core/iter,2,1775153488056,core/iter,18092,false,,core/iter,false
core/outcome,3,1775153488173,core/outcome,109,false,,core/outcome,false
core/str,4,1775153505835,core/str,17657,false,,core/str,false
core/fmt,5,1775153540051,core/fmt,27847,false,,core/fmt,false
std/collections,6,1775153548646,std/collections,8581,false,,std/collections,false
core/alloc,7,1775153582520,core/alloc,28907,false,,core/alloc,false
std/sync,8,1775153603921,std/sync,21384,false,,std/sync,false
f:/Node/hivellm/tml/lib/core/tests/option/option_iter2.test.tml,9,1775153653059,f:/Node/hivellm/tml/lib/core/tests/option/option_iter2.test.tml,845,false,,f:/Node/hivellm/tml/lib/core/tests/option/option_iter2.test.tml,true
f:/Node/hivellm/tml/lib/core/tests/option/option_iter2.test.tml,0,1775153808976,f:/Node/hivellm/tml/lib/core/tests/option/option_iter2.test.tml,4361,false,,f:/Node/hivellm/tml/lib/core/tests/option/option_iter2.test.tml,false
emit-ir,1,1775153827698,emit-ir,4146,false,,,false
emit-ir,2,1775153845847,emit-ir,4213,false,,,false
f:/Node/hivellm/tml/lib/core/tests/option/option_iter2.test.tml,0,1775153933404,f:/Node/hivellm/tml/lib/core/tests/option/option_iter2.test.tml,4389,false,,f:/Node/hivellm/tml/lib/core/tests/option/option_iter2.test.tml,false
f:/Node/hivellm/tml/lib/core/tests/option/option_iter2.test.tml,0,1775154033658,f:/Node/hivellm/tml/lib/core/tests/option/option_iter2.test.tml,4589,false,,f:/Node/hivellm/tml/lib/core/tests/option/option_iter2.test.tml,false
emit-ir,1,1775154047323,emit-ir,4161,false,,,false
core/option,2,1775154120767,core/option,8345,false,,core/option,false
core/alloc,3,1775154147981,core/alloc,27207,false,,core/alloc,false
std/promise,4,1775154155242,std/promise,7246,false,,std/promise,false
core,5,1775154165209,core,4849,false,,core,false
std/sync,6,1775154196049,std/sync,18838,false,,std/sync,false
emit-ir,7,1775154216356,emit-ir,14994,false,,,false
core/str,8,1775154296587,core/str,764,false,,core/str,false
core/fmt,9,1775154297560,core/fmt,965,false,,core/fmt,false
core/iter,10,1775154299155,core/iter,1584,false,,core/iter,false
core/num,11,1775154300220,core/num,1050,false,,core/num,false
core/option,12,1775154312053,core/option,6018,false,,core/option,false
core/alloc,13,1775154313211,core/alloc,1153,false,,core/alloc,false
std/json,14,1775154313984,std/json,767,false,,std/json,false
core/ffi,15,1775154314625,core/ffi,631,false,,core/ffi,false
std/sync,0,1775154570373,std/sync,16341,false,,std/sync,false
core/option,1,1775154585203,core/option,14820,false,,core/option,false
core/str,2,1775154606701,core/str,15246,false,,core/str,false
core/fmt,3,1775154607499,core/fmt,783,false,,core/fmt,false
core/iter,4,1775154608615,core/iter,1111,false,,core/iter,false
core/option,0,1775154709357,core/option,14850,false,,core/option,false
core/num,0,1775154857141,core/num,36142,false,,core/num,false
core/cell,1,1775154857956,core/cell,807,false,,core/cell,false
std/text,2,1775154858559,std/text,594,false,,std/text,false
core/ascii,3,1775155297571,core/ascii,694,false,,core/ascii,false
core/array,4,1775155298978,core/array,1400,false,,core/array,false
core/char,5,1775155300169,core/char,1184,false,,core/char,false
docs/list,6,1775166993806,docs/list,3921,false,,,false
docs/search,7,1775166993853,docs/search,35,false,,,false
docs/search,8,1775167080927,docs/search,217,false,,,false
docs/search,9,1775167081064,docs/search,132,false,,,false
docs/get,10,1775167083716,docs/get,3,false,,,false
docs/search,11,1775167084013,docs/search,0,true,,,false
docs/search,12,1775167086634,docs/search,317,false,,,false
docs/search,13,1775167091869,docs/search,241,false,,,false
docs/search,14,1775167100015,docs/search,276,false,,,false
docs/search,15,1775167117058,docs/search,270,false,,,false
check,16,1775167146423,check,632,false,,,false
check,17,1775167170943,check,369,false,,,false
check,18,1775167191845,check,57,true,,,false
docs/search,19,1775167205191,docs/search,106,false,,,false
check,20,1775167232189,check,454,false,,,false
check,21,1775167241657,check,318,false,,,false
check,22,1775167263478,check,299,false,,,false
docs/search,23,1775167274676,docs/search,61,false,,,false
docs/list,24,1775167342745,docs/list,6,false,,,false
docs/search,25,1775167364953,docs/search,33,false,,,false
check,26,1775167406764,check,308,false,,,false
check,27,1775167418829,check,333,false,,,false
check,28,1775167433458,check,603,false,,,false
check,29,1775167443844,check,307,false,,,false
check,30,1775167456284,check,309,false,,,false
check,31,1775167478359,check,35,true,,,false
docs/search,32,1775167482408,docs/search,93,false,,,false
docs/search,33,1775167514130,docs/search,32,false,,,false
docs/search,34,1775167518565,docs/search,31,false,,,false
check,35,1775167550403,check,2681,true,,,false
check,36,1775167597863,check,4632,true,,,false
docs/search,37,1775167616422,docs/search,63,false,,,false
docs/search,38,1775167618778,docs/search,20,false,,,false
check,39,1775167649278,check,2480,true,,,false
explain,40,1775167654799,explain,40,false,,,false
check,41,1775167667564,check,405,true,,,false
check,42,1775167675020,check,308,false,,,false
check,43,1775167685203,check,315,false,,,false
check,44,1775167708855,check,1029,false,,,false
check,45,1775167731614,check,915,false,,,false
check,46,1775167744341,check,304,false,,,false
check,47,1775167759665,check,332,false,,,false
check,48,1775167782132,check,371,false,,,false
check,49,1775167832227,check,319,false,,,false
lib/std/tests/db/db_error.test.tml,50,1775167924012,lib/std/tests/db/db_error.test.tml,5018,false,,lib/std/tests/db/db_error.test.tml,false
lib/std/tests/db/db_value.test.tml,51,1775167961126,lib/std/tests/db/db_value.test.tml,14208,false,,lib/std/tests/db/db_value.test.tml,false
lib/std/tests/db/db_value.test.tml,52,1775167965289,lib/std/tests/db/db_value.test.tml,1092,false,,lib/std/tests/db/db_value.test.tml,true
lib/std/tests/db/db_value.test.tml,53,1775167970998,lib/std/tests/db/db_value.test.tml,986,false,,lib/std/tests/db/db_value.test.tml,false
.sandbox/db_value_min.test.tml,54,1775167979530,.sandbox/db_value_min.test.tml,125,false,,.sandbox/db_value_min.test.tml,false
check,55,1775167986673,check,3629,false,,,false
emit-ir,56,1775168004202,emit-ir,11597,false,,,false
emit-ir,57,1775168021410,emit-ir,12340,false,,,false
lib/std/tests/db/db_value.test.tml,58,1775168048785,lib/std/tests/db/db_value.test.tml,1014,false,,lib/std/tests/db/db_value.test.tml,true
emit-ir,59,1775168064739,emit-ir,10377,false,,,false
emit-ir,60,1775168076472,emit-ir,9397,false,,,false
emit-ir,61,1775168088230,emit-ir,9520,false,,,false
emit-ir,62,1775168102933,emit-ir,10018,false,,,false
emit-ir,63,1775168119457,emit-ir,9886,false,,,false
emit-ir,64,1775168132260,emit-ir,9682,false,,,false
emit-ir,65,1775168145148,emit-ir,9593,false,,,false
emit-ir,66,1775168161890,emit-ir,9718,false,,,false
emit-ir,67,1775168176984,emit-ir,9732,false,,,false
emit-ir,68,1775168189421,emit-ir,9791,false,,,false
lib/std/tests/db/db_value_min.test.tml,69,1775168256493,lib/std/tests/db/db_value_min.test.tml,5462,false,,lib/std/tests/db/db_value_min.test.tml,false
lib/std/tests/db/db_value_min.test.tml,70,1775168276137,lib/std/tests/db/db_value_min.test.tml,674,false,,lib/std/tests/db/db_value_min.test.tml,false
std/db,71,1775168295219,std/db,7444,false,,std/db,false
check,72,1775168354747,check,754,false,,,false
lib/std/tests/db/db_types.test.tml,73,1775168363892,lib/std/tests/db/db_types.test.tml,4149,false,,lib/std/tests/db/db_types.test.tml,false
check,74,1775168382034,check,2060,false,,,false
lib/std/tests/db/db_sqlite.test.tml,75,1775168390732,lib/std/tests/db/db_sqlite.test.tml,6660,false,,lib/std/tests/db/db_sqlite.test.tml,false
std/db,76,1775168434949,std/db,858,false,,std/db,false
f:/Node/hivellm/tml/lib/std/tests/db/db_sqlite.test.tml,77,1775168444595,f:/Node/hivellm/tml/lib/std/tests/db/db_sqlite.test.tml,769,false,,f:/Node/hivellm/tml/lib/std/tests/db/db_sqlite.test.tml,false
f:/Node/hivellm/tml/lib/std/tests/sqlite/database.test.tml,78,1775168466616,f:/Node/hivellm/tml/lib/std/tests/sqlite/database.test.tml,602,false,,f:/Node/hivellm/tml/lib/std/tests/sqlite/database.test.tml,false
f:/Node/hivellm/tml/lib/std/tests/db/db_error.test.tml,79,1775168546373,f:/Node/hivellm/tml/lib/std/tests/db/db_error.test.tml,576,false,,f:/Node/hivellm/tml/lib/std/tests/db/db_error.test.tml,false
f:/Node/hivellm/tml/lib/std/tests/db/db_types.test.tml,80,1775168546896,f:/Node/hivellm/tml/lib/std/tests/db/db_types.test.tml,519,false,,f:/Node/hivellm/tml/lib/std/tests/db/db_types.test.tml,false
f:/Node/hivellm/tml/lib/std/tests/sqlite/db_adapter.test.tml,81,1775168565242,f:/Node/hivellm/tml/lib/std/tests/sqlite/db_adapter.test.tml,6094,false,,f:/Node/hivellm/tml/lib/std/tests/sqlite/db_adapter.test.tml,false
std/db,82,1775168581012,std/db,1384,false,,std/db,false
std/sqlite,83,1775168589412,std/sqlite,8391,false,,std/sqlite,false
f:/Node/hivellm/tml/lib/std/tests/sqlite/db_adapter.test.tml,84,1775168598599,f:/Node/hivellm/tml/lib/std/tests/sqlite/db_adapter.test.tml,1176,false,,f:/Node/hivellm/tml/lib/std/tests/sqlite/db_adapter.test.tml,false
f:/Node/hivellm/tml/lib/std/tests/sqlite/db_adapter.test.tml,85,1775168610241,f:/Node/hivellm/tml/lib/std/tests/sqlite/db_adapter.test.tml,757,false,,f:/Node/hivellm/tml/lib/std/tests/sqlite/db_adapter.test.tml,false
std/db,86,1775168672650,std/db,6613,false,,std/db,false
std/db,87,1775168691733,std/db,4296,false,,std/db,false
std/db,88,1775168722267,std/db,1030,false,,std/db,false
docs/search,89,1775169178913,docs/search,56,false,,,false
docs/list,90,1775169184810,docs/list,3,false,,,false
check,91,1775169280031,check,324,false,,,false
check,92,1775169290442,check,304,false,,,false
check,93,1775169328931,check,40,true,,,false
check,94,1775169336797,check,291,true,,,false
docs/search,95,1775169343378,docs/search,34,false,,,false
check,96,1775169350779,check,401,false,,,false
check,97,1775169367215,check,829,true,,,false
check,98,1775169376423,check,34,true,,,false
docs/search,99,1775169390910,docs/search,71,false,,,false
check,100,1775169407339,check,417,false,,,false
check,101,1775169418865,check,585,false,,,false
docs/get,0,1775169476152,docs/get,2253,false,,,false
check,1,1775169546137,check,312,false,,,false
check,2,1775169648876,check,301,false,,,false
docs/search,3,1775169722643,docs/search,3321,false,,,false
lib/std/tests/db/db_query_select.test.tml,4,1775169744214,lib/std/tests/db/db_query_select.test.tml,4747,false,,lib/std/tests/db/db_query_select.test.tml,false
docs/search,5,1775169749395,docs/search,58,false,,,false
check,6,1775169763424,check,439,false,,,false
lib/std/tests/db/db_query_select.test.tml,7,1775169792773,lib/std/tests/db/db_query_select.test.tml,8028,false,,lib/std/tests/db/db_query_select.test.tml,false
lib/std/tests/db/db_query_select.test.tml,8,1775169806533,lib/std/tests/db/db_query_select.test.tml,5072,false,,lib/std/tests/db/db_query_select.test.tml,true
docs/search,9,1775169811433,docs/search,180,false,,,false
check,10,1775169828140,check,403,false,,,false
docs/search,11,1775169839137,docs/search,169,false,,,false
check,12,1775169857041,check,501,false,,,false
check,13,1775169857567,check,507,false,,,false
lib/std/tests/db/db_query_select.test.tml,14,1775169870875,lib/std/tests/db/db_query_select.test.tml,7382,false,,lib/std/tests/db/db_query_select.test.tml,false
lib/std/tests/db/db_query_select.test.tml,15,1775169875171,lib/std/tests/db/db_query_select.test.tml,604,false,,lib/std/tests/db/db_query_select.test.tml,false
lib/std/tests/db/db_query_insert.test.tml,16,1775169899359,lib/std/tests/db/db_query_insert.test.tml,9412,false,,lib/std/tests/db/db_query_insert.test.tml,false
lib/std/tests/db/db_query_delete.test.tml,17,1775169914292,lib/std/tests/db/db_query_delete.test.tml,4412,false,,lib/std/tests/db/db_query_delete.test.tml,false
lib/std/tests/db/db_query_misc.test.tml,18,1775169931245,lib/std/tests/db/db_query_misc.test.tml,4112,false,,lib/std/tests/db/db_query_misc.test.tml,false
std/db,19,1775169934478,std/db,547,false,,std/db,false
std/db,20,1775169977702,std/db,1377,false,,std/db,false
check,21,1775170112454,check,515,false,,,false
check,22,1775170125005,check,675,false,,,false
check,23,1775170135506,check,313,false,,,false
check,24,1775170149527,check,291,false,,,false
check,25,1775170155998,check,294,false,,,false
lib/std/tests/db/db_pool.test.tml,26,1775170166256,lib/std/tests/db/db_pool.test.tml,4387,false,,lib/std/tests/db/db_pool.test.tml,false
lib/std/tests/db/db_pool.test.tml,27,1775170170842,lib/std/tests/db/db_pool.test.tml,557,false,,lib/std/tests/db/db_pool.test.tml,false
std/db,28,1775170180099,std/db,1659,false,,std/db,false
std/db,29,1775170219958,std/db,1723,false,,std/db,false
std/db,30,1775170243883,std/db,5548,false,,std/db,false
f:/Node/hivellm/tml/lib/std/tests/db/db_query_insert.test.tml,31,1775170251580,f:/Node/hivellm/tml/lib/std/tests/db/db_query_insert.test.tml,886,false,,f:/Node/hivellm/tml/lib/std/tests/db/db_query_insert.test.tml,false
check,32,1775170328820,check,1906,true,,,false
check,33,1775170342642,check,1848,true,,,false
docs/search,34,1775170350628,docs/search,2391,false,,,false
check,35,1775170364438,check,1676,true,,,false
docs/search,36,1775170379457,docs/search,2407,false,,,false
check,37,1775170391150,check,1663,true,,,false
check,38,1775170405087,check,1615,false,,,false
docs/search,39,1775170697105,docs/search,2486,false,,,false
docs/search,40,1775170697172,docs/search,61,false,,,false
docs/search,41,1775170700185,docs/search,52,false,,,false
docs/search,42,1775170700535,docs/search,51,false,,,false
docs/search,43,1775170702681,docs/search,45,false,,,false
check,44,1775170739136,check,384,false,,,false
check,45,1775170750394,check,613,false,,,false
check,46,1775170760855,check,288,false,,,false
check,47,1775170767820,check,363,false,,,false
check,48,1775170776041,check,287,false,,,false
check,49,1775170792826,check,521,false,,,false
check,50,1775170809524,check,312,false,,,false
check,51,1775170827014,check,350,true,,,false
check,52,1775170843093,check,345,true,,,false
check,53,1775170855859,check,347,true,,,false
check,54,1775170864313,check,302,false,,,false
docs/search,55,1775170870938,docs/search,2607,false,,,false
check,56,1775170882090,check,293,false,,,false
check,57,1775170892776,check,309,false,,,false
check,58,1775170909588,check,321,false,,,false
check,59,1775170926784,check,294,false,,,false
lib/std/tests/db/db_schema.test.tml,60,1775170950252,lib/std/tests/db/db_schema.test.tml,3862,false,,lib/std/tests/db/db_schema.test.tml,false
lib/std/tests/db/db_schema.test.tml,61,1775170955154,lib/std/tests/db/db_schema.test.tml,505,false,,lib/std/tests/db/db_schema.test.tml,false
std/db,62,1775170960669,std/db,590,false,,std/db,false
lib/std/tests/db/db_ddl.test.tml,63,1775170979016,lib/std/tests/db/db_ddl.test.tml,4468,false,,lib/std/tests/db/db_ddl.test.tml,false
lib/std/tests/db/db_migration.test.tml,64,1775171010869,lib/std/tests/db/db_migration.test.tml,5143,false,,lib/std/tests/db/db_migration.test.tml,false
docs/search,65,1775171020814,docs/search,3762,false,,,false
check,66,1775171052277,check,303,false,,,false
lib/std/tests/db/db_migration.test.tml,67,1775171056316,lib/std/tests/db/db_migration.test.tml,1059,false,,lib/std/tests/db/db_migration.test.tml,false
cache/invalidate,68,1775171066314,cache/invalidate,69,false,,,false
lib/std/tests/db/db_migration.test.tml,69,1775171070557,lib/std/tests/db/db_migration.test.tml,574,false,,lib/std/tests/db/db_migration.test.tml,false
cache/invalidate,70,1775171086448,cache/invalidate,34,false,,,false
lib/std/tests/db/db_migration.test.tml,71,1775171089711,lib/std/tests/db/db_migration.test.tml,566,false,,lib/std/tests/db/db_migration.test.tml,false
emit-ir,72,1775171099330,emit-ir,362,false,,,false
emit-ir,73,1775171102154,emit-ir,336,false,,,false
emit-ir,74,1775171113627,emit-ir,4139,false,,,false
check,75,1775171148993,check,293,false,,,false
cache/invalidate,76,1775171158904,cache/invalidate,34,false,,,false
lib/std/tests/db/db_migration.test.tml,77,1775171171283,lib/std/tests/db/db_migration.test.tml,4268,false,,lib/std/tests/db/db_migration.test.tml,false
std/db,78,1775171176715,std/db,648,false,,std/db,false
std/db,79,1775171232879,std/db,1941,false,,std/db,false
std/db,80,1775171369208,std/db,1976,false,,std/db,false
f:/Node/hivellm/tml/lib/std/tests/db/db_query_insert.test.tml,81,1775171376469,f:/Node/hivellm/tml/lib/std/tests/db/db_query_insert.test.tml,841,false,,f:/Node/hivellm/tml/lib/std/tests/db/db_query_insert.test.tml,false
check,82,1775171407914,check,300,false,,,false
std/db,83,1775171415586,std/db,1870,false,,std/db,false
std/db,84,1775171469457,std/db,4351,false,,std/db,false
check,85,1775171608915,check,372,false,,,false
check,86,1775171619386,check,311,false,,,false
check,87,1775171628716,check,302,false,,,false
check,88,1775171655860,check,391,false,,,false
check,89,1775171673188,check,308,false,,,false
check,90,1775171687103,check,466,false,,,false
check,91,1775171699069,check,290,false,,,false
check,92,1775171706650,check,305,false,,,false
lib/std/tests/db/db_orm.test.tml,93,1775171743400,lib/std/tests/db/db_orm.test.tml,4898,false,,lib/std/tests/db/db_orm.test.tml,false
lib/std/tests/db/db_schema.test.tml,94,1775171748432,lib/std/tests/db/db_schema.test.tml,564,false,,lib/std/tests/db/db_schema.test.tml,false
lib/std/tests/db/db_orm.test.tml,95,1775171775488,lib/std/tests/db/db_orm.test.tml,5367,false,,lib/std/tests/db/db_orm.test.tml,false
std/db,96,1775171779621,std/db,978,false,,std/db,false
lib/std/tests/db/db_orm.test.tml,97,1775171783350,lib/std/tests/db/db_orm.test.tml,760,true,,lib/std/tests/db/db_orm.test.tml,true
lib/std/tests/db/db_migration.test.tml,98,1775171798727,lib/std/tests/db/db_migration.test.tml,540,false,,lib/std/tests/db/db_migration.test.tml,false
check,99,1775171827102,check,307,false,,,false
check,100,1775171827469,check,358,false,,,false
check,101,1775171870825,check,314,false,,,false
check,102,1775171871127,check,296,false,,,false
lib/std/tests/db/db_orm.test.tml,103,1775171898834,lib/std/tests/db/db_orm.test.tml,4168,false,,lib/std/tests/db/db_orm.test.tml,false
std/db,104,1775171904048,std/db,1839,false,,std/db,false
std/db,105,1775171957227,std/db,1823,false,,std/db,false
check,106,1775172196740,check,501,false,,,false
check,107,1775172230013,check,498,false,,,false
check,108,1775172283886,check,296,false,,,false
check,109,1775172318840,check,326,true,,,false
check,110,1775172333429,check,553,false,,,false
check,111,1775172407399,check,578,false,,,false
lib/std/tests/db/db_orm.test.tml,112,1775172423266,lib/std/tests/db/db_orm.test.tml,4280,false,,lib/std/tests/db/db_orm.test.tml,false
lib/std/tests/db/db_orm.test.tml,113,1775172429319,lib/std/tests/db/db_orm.test.tml,820,false,,lib/std/tests/db/db_orm.test.tml,false
std/db,114,1775172435907,std/db,1913,false,,std/db,false
lib/std/tests/db/db_orm.test.tml,115,1775172442361,lib/std/tests/db/db_orm.test.tml,820,false,,lib/std/tests/db/db_orm.test.tml,true
std/db,116,1775172453095,std/db,1815,false,,std/db,false
std/db,117,1775172483623,std/db,1880,false,,std/db,false
std/db,118,1775172570999,std/db,4541,false,,std/db,false
docs/search,119,1775172808834,docs/search,2605,false,,,false
std/db,0,1775173079239,std/db,10917,false,,std/db,false
check,1,1775173144255,check,319,false,,,false
run,2,1775173259192,run,5987,false,,,false
run,3,1775173298527,run,4541,false,,,false
run,4,1775173316109,run,4522,false,,,false
run,5,1775173332703,run,4607,false,,,false
f:/Node/hivellm/tml/lib/std/tests/db/db_orm_decorators.test.tml,6,1775173372838,f:/Node/hivellm/tml/lib/std/tests/db/db_orm_decorators.test.tml,6959,false,,f:/Node/hivellm/tml/lib/std/tests/db/db_orm_decorators.test.tml,false
std/db,7,1775173381231,std/db,2777,false,,std/db,false
lib/std/tests/db/db_pool_advanced.test.tml,8,1775173561578,lib/std/tests/db/db_pool_advanced.test.tml,4523,false,,lib/std/tests/db/db_pool_advanced.test.tml,false
lib/std/tests/db/db_query_update.test.tml,9,1775173581853,lib/std/tests/db/db_query_update.test.tml,6569,false,,lib/std/tests/db/db_query_update.test.tml,false
lib/std/tests/db/db_query_update.test.tml,10,1775173618652,lib/std/tests/db/db_query_update.test.tml,4337,false,,lib/std/tests/db/db_query_update.test.tml,false
lib/std/tests/db/db_value_coerce.test.tml,11,1775173647368,lib/std/tests/db/db_value_coerce.test.tml,9526,false,,lib/std/tests/db/db_value_coerce.test.tml,false
lib/std/tests/db/db_value_coerce.test.tml,12,1775173652501,lib/std/tests/db/db_value_coerce.test.tml,1269,true,,lib/std/tests/db/db_value_coerce.test.tml,true
lib/std/tests/db/db_value_coerce.test.tml,13,1775173678787,lib/std/tests/db/db_value_coerce.test.tml,9597,false,,lib/std/tests/db/db_value_coerce.test.tml,false
lib/std/tests/db/db_value_coerce.test.tml,14,1775173692335,lib/std/tests/db/db_value_coerce.test.tml,4226,false,,lib/std/tests/db/db_value_coerce.test.tml,false
lib/std/tests/db/db_value_coerce.test.tml,15,1775173712051,lib/std/tests/db/db_value_coerce.test.tml,7392,false,,lib/std/tests/db/db_value_coerce.test.tml,false
lib/std/tests/db/db_value_coerce.test.tml,16,1775173727411,lib/std/tests/db/db_value_coerce.test.tml,6513,false,,lib/std/tests/db/db_value_coerce.test.tml,false
.sandbox/bool_test.test.tml,17,1775173734270,.sandbox/bool_test.test.tml,114,false,,.sandbox/bool_test.test.tml,false
.sandbox/bool_test.test.tml,18,1775173740699,.sandbox/bool_test.test.tml,108,false,,.sandbox/bool_test.test.tml,false
lib/std/tests/db/db_value_coerce.test.tml,19,1775173756523,lib/std/tests/db/db_value_coerce.test.tml,6673,false,,lib/std/tests/db/db_value_coerce.test.tml,false
lib/std/tests/db/db_value_coerce.test.tml,20,1775173787421,lib/std/tests/db/db_value_coerce.test.tml,8381,false,,lib/std/tests/db/db_value_coerce.test.tml,false
lib/std/tests/db/db_error_advanced.test.tml,21,1775173804024,lib/std/tests/db/db_error_advanced.test.tml,4004,false,,lib/std/tests/db/db_error_advanced.test.tml,false
lib/std/tests/db/db_integration.test.tml,22,1775173833811,lib/std/tests/db/db_integration.test.tml,4097,false,,lib/std/tests/db/db_integration.test.tml,false
std/db,23,1775173839678,std/db,2985,false,,std/db,false
std/db,24,1775173866921,std/db,3448,false,,std/db,false
docs/search,25,1775214039016,docs/search,2682,false,,,false
docs/search,26,1775214043931,docs/search,32,false,,,false
docs/list,27,1775214049212,docs/list,5,false,,,false
docs/list,28,1775214053952,docs/list,4,false,,,false
docs/search,29,1775214130934,docs/search,58,false,,,false
docs/search,30,1775214134219,docs/search,37,false,,,false
docs/search,31,1775214139056,docs/search,90,false,,,false
docs/search,32,1775214145001,docs/search,96,false,,,false
docs/search,33,1775214145394,docs/search,31,false,,,false
check,34,1775214180307,check,326,false,,,false
check,35,1775214198023,check,297,false,,,false
check,36,1775214209085,check,286,false,,,false
check,37,1775214221297,check,309,false,,,false
check,38,1775214232207,check,292,false,,,false
check,39,1775214238865,check,296,false,,,false
check,40,1775214244918,check,293,false,,,false
check,41,1775214269200,check,371,false,,,false
lib/std/tests/db/db_bench.test.tml,42,1775214275647,lib/std/tests/db/db_bench.test.tml,3364,false,,lib/std/tests/db/db_bench.test.tml,false
lib/std/tests/db/db_bench.test.tml,43,1775214279502,lib/std/tests/db/db_bench.test.tml,579,true,,lib/std/tests/db/db_bench.test.tml,true
emit-ir,44,1775214288769,emit-ir,3160,false,,,false
check,45,1775214322857,check,334,false,,,false
lib/std/tests/db/db_bench.test.tml,46,1775214326997,lib/std/tests/db/db_bench.test.tml,519,false,,lib/std/tests/db/db_bench.test.tml,false
cache/invalidate,47,1775214330392,cache/invalidate,0,true,,,false
emit-ir,48,1775214337091,emit-ir,4206,false,,,false
lib/std/tests/db/db_bench.test.tml,49,1775214347481,lib/std/tests/db/db_bench.test.tml,527,false,,lib/std/tests/db/db_bench.test.tml,false
emit-ir,50,1775214355920,emit-ir,3711,false,,,false
check,51,1775214432107,check,317,false,,,false
check,52,1775214437038,check,376,false,,,false
lib/std/tests/db/db_bench.test.tml,53,1775214440147,lib/std/tests/db/db_bench.test.tml,503,false,,lib/std/tests/db/db_bench.test.tml,false
lib/std/tests/db/db_bench.test.tml,54,1775214541752,lib/std/tests/db/db_bench.test.tml,3478,false,,lib/std/tests/db/db_bench.test.tml,false
emit-ir,55,1775214549475,emit-ir,3394,false,,,false
check,56,1775214759823,check,323,false,,,false
lib/std/tests/db/db_bench.test.tml,57,1775214763228,lib/std/tests/db/db_bench.test.tml,510,false,,lib/std/tests/db/db_bench.test.tml,false
lib/std/tests/db/db_bench.test.tml,58,1775214782188,lib/std/tests/db/db_bench.test.tml,3790,false,,lib/std/tests/db/db_bench.test.tml,false
check,59,1775214855831,check,297,false,,,false
check,60,1775214868635,check,307,false,,,false
lib/std/tests/db/db_bench.test.tml,61,1775214880183,lib/std/tests/db/db_bench.test.tml,3769,false,,lib/std/tests/db/db_bench.test.tml,false
check,62,1775214925043,check,326,false,,,false
lib/std/tests/db/db_bench.test.tml,63,1775214938560,lib/std/tests/db/db_bench.test.tml,5787,false,,lib/std/tests/db/db_bench.test.tml,false
check,64,1775215023645,check,338,false,,,false
check,65,1775215056923,check,344,false,,,false
check,66,1775215057352,check,421,false,,,false
lib/std/tests/db/db_bench.test.tml,67,1775215066118,lib/std/tests/db/db_bench.test.tml,4515,false,,lib/std/tests/db/db_bench.test.tml,false
lib/std/tests/db/db_bench.test.tml,68,1775215071674,lib/std/tests/db/db_bench.test.tml,902,false,,lib/std/tests/db/db_bench.test.tml,false
lib/std/tests/db/db_bench.test.tml,69,1775215075090,lib/std/tests/db/db_bench.test.tml,855,false,,lib/std/tests/db/db_bench.test.tml,false
std/db,70,1775215110702,std/db,3278,false,,std/db,false
std/db,71,1775215126035,std/db,5553,false,,std/db,false
std/db,72,1775215198301,std/db,3047,false,,std/db,false
run,73,1775215257809,run,9989,true,,,false
run,74,1775215302803,run,10035,true,,,false
run,75,1775215326847,run,10318,false,,,false
run,76,1775216846088,run,926,false,,,false
check,0,1775217334861,check,307,false,,,false
std/db,1,1775217351967,std/db,13942,false,,std/db,false
std/db,2,1775217366830,std/db,3133,false,,std/db,false
check,0,1775219162283,check,1531,false,,,false
check,1,1775219162608,check,319,false,,,false
std/db,2,1775219178268,std/db,3293,false,,std/db,false
std/db,3,1775219204239,std/db,3262,false,,std/db,false
docs/search,4,1775219672770,docs/search,2433,false,,,false
docs/search,5,1775219676454,docs/search,51,false,,,false
docs/search,6,1775219682703,docs/search,32,false,,,false
docs/search,7,1775219690450,docs/search,55,false,,,false
docs/search,8,1775219707208,docs/search,105,false,,,false
docs/list,9,1775219712515,docs/list,4,false,,,false
check,10,1775219835783,check,47,true,,,false
check,11,1775219914001,check,41,true,,,false
check,12,1775219950611,check,332,false,,,false
lib/core/tests/str/str_simd.test.tml,13,1775219996550,lib/core/tests/str/str_simd.test.tml,3596,false,,lib/core/tests/str/str_simd.test.tml,false
lib/core/tests/str/str_simd.test.tml,14,1775220002723,lib/core/tests/str/str_simd.test.tml,873,false,,lib/core/tests/str/str_simd.test.tml,false
cache/invalidate,15,1775220012409,cache/invalidate,38,false,,,false
lib/core/tests/str/str_simd.test.tml,16,1775220017118,lib/core/tests/str/str_simd.test.tml,911,false,,lib/core/tests/str/str_simd.test.tml,false
lib/core/tests/str/str_simd.test.tml,17,1775220039230,lib/core/tests/str/str_simd.test.tml,4053,false,,lib/core/tests/str/str_simd.test.tml,false
lib/core/tests/str/str_simd.test.tml,18,1775220045551,lib/core/tests/str/str_simd.test.tml,901,false,,lib/core/tests/str/str_simd.test.tml,false
cache/invalidate,19,1775220059233,cache/invalidate,36,false,,,false
lib/core/tests/str/str_simd.test.tml,20,1775220065988,lib/core/tests/str/str_simd.test.tml,3548,false,,lib/core/tests/str/str_simd.test.tml,false
lib/core/tests/str/str_simd.test.tml,21,1775220074384,lib/core/tests/str/str_simd.test.tml,848,false,,lib/core/tests/str/str_simd.test.tml,false
lib/core/tests/str/str_simd.test.tml,22,1775220109495,lib/core/tests/str/str_simd.test.tml,4460,false,,lib/core/tests/str/str_simd.test.tml,false
check,23,1775220167550,check,354,true,,,false
run,24,1775220190852,run,329,true,,,false
check,25,1775220229279,check,343,false,,,false
run,26,1775220251693,run,11589,false,,,false
run,27,1775220264918,run,5185,false,,,false
run,28,1775220313911,run,341,true,,,false
run,29,1775220363351,run,6026,false,,,false
run,30,1775220381742,run,11171,false,,,false
core/str,31,1775220440032,core/str,16249,false,,core/str,false
docs/search,32,1775220758033,docs/search,3224,false,,,false
docs/search,33,1775220758120,docs/search,75,false,,,false
check,34,1775220926903,check,417,false,,,false
check,35,1775220963468,check,415,true,,,false
docs/resolve,36,1775220971278,docs/resolve,2575,false,,,false
core/str,37,1775221021408,core/str,3398,false,,core/str,false
run,38,1775221107016,run,5763,false,,,false
run,39,1775221129911,run,9919,false,,,false
core/str,40,1775221167154,core/str,3591,false,,core/str,false
docs/search,41,1775224724972,docs/search,4589,false,,,false
docs/search,42,1775224725008,docs/search,23,false,,,false
docs/list,43,1775224727387,docs/list,4,false,,,false
docs/search,44,1775224727858,docs/search,104,false,,,false
docs/search,45,1775224730265,docs/search,58,false,,,false
docs/search,46,1775224730575,docs/search,45,false,,,false
docs/get,47,1775224732802,docs/get,7,false,,,false
docs/search,48,1775224733331,docs/search,41,false,,,false
docs/search,49,1775224737397,docs/search,39,false,,,false
check,50,1775224762080,check,1012,false,,,false
lib/std/tests/di/di_registry.test.tml,51,1775224777453,lib/std/tests/di/di_registry.test.tml,5939,false,,lib/std/tests/di/di_registry.test.tml,false
lib/std/tests/di/di_registry.test.tml,52,1775224780964,lib/std/tests/di/di_registry.test.tml,612,false,,lib/std/tests/di/di_registry.test.tml,false
docs/search,53,1775224783440,docs/search,83,false,,,false
lib/std/tests/db/db_schema.test.tml,54,1775224787334,lib/std/tests/db/db_schema.test.tml,672,false,,lib/std/tests/db/db_schema.test.tml,false
check,55,1775224805138,check,330,false,,,false
docs/search,56,1775224810466,docs/search,40,false,,,false
docs/search,57,1775224817000,docs/search,40,false,,,false
lib/std/tests/di/di_module.test.tml,58,1775224834560,lib/std/tests/di/di_module.test.tml,4883,false,,lib/std/tests/di/di_module.test.tml,false
check,59,1775224852764,check,305,false,,,false
lib/std/tests/di/di_application.test.tml,60,1775224868579,lib/std/tests/di/di_application.test.tml,4624,false,,lib/std/tests/di/di_application.test.tml,false
check,61,1775224882921,check,382,true,,,false
docs/get,62,1775224886452,docs/get,7,false,,,false
check,63,1775224896424,check,515,true,,,false
docs/list,64,1775224899393,docs/list,4,false,,,false
check,65,1775224914198,check,370,true,,,false
check,66,1775224924213,check,368,true,,,false
check,67,1775224939989,check,327,false,,,false
lib/std/tests/di/di_config.test.tml,68,1775224960838,lib/std/tests/di/di_config.test.tml,4530,false,,lib/std/tests/di/di_config.test.tml,false
lib/std/tests/di/di_config.test.tml,69,1775224983550,lib/std/tests/di/di_config.test.tml,4149,false,,lib/std/tests/di/di_config.test.tml,false
check,70,1775225005461,check,325,false,,,false
lib/std/tests/di/di_config.test.tml,71,1775225027252,lib/std/tests/di/di_config.test.tml,4266,false,,lib/std/tests/di/di_config.test.tml,false
lib/std/tests/json/json.test.tml,72,1775225038170,lib/std/tests/json/json.test.tml,735,false,,lib/std/tests/json/json.test.tml,false
emit-ir,73,1775225054464,emit-ir,6453,false,,,false
emit-ir,74,1775225063440,emit-ir,4023,false,,,false
emit-ir,75,1775225071437,emit-ir,3992,false,,,false
check,76,1775225102884,check,34,true,,,false
docs/search,77,1775225105000,docs/search,92,false,,,false
check,78,1775225145448,check,567,true,,,false
docs/get,79,1775225149352,docs/get,6,false,,,false
check,80,1775225160811,check,346,false,,,false
lib/std/tests/di/di_config.test.tml,81,1775225165894,lib/std/tests/di/di_config.test.tml,1114,false,,lib/std/tests/di/di_config.test.tml,false
emit-ir,82,1775225173755,emit-ir,3614,false,,,false
emit-ir,83,1775225181420,emit-ir,4093,false,,,false
cache/invalidate,84,1775225196656,cache/invalidate,0,true,,,false
lib/std/tests/di/di_config.test.tml,85,1775225200536,lib/std/tests/di/di_config.test.tml,587,false,,lib/std/tests/di/di_config.test.tml,false
lib/std/tests/di/di_config.test.tml,86,1775225220394,lib/std/tests/di/di_config.test.tml,552,false,,lib/std/tests/di/di_config.test.tml,false
emit-ir,87,1775225230578,emit-ir,5909,false,,,false
check,88,1775225247508,check,330,false,,,false
lib/std/tests/di/di_config.test.tml,89,1775225254084,lib/std/tests/di/di_config.test.tml,3826,false,,lib/std/tests/di/di_config.test.tml,false
check,90,1775225290167,check,317,false,,,false
lib/std/tests/di/di_config.test.tml,91,1775225293226,lib/std/tests/di/di_config.test.tml,543,false,,lib/std/tests/di/di_config.test.tml,false
check,92,1775225308354,check,312,false,,,false
lib/std/tests/di/di_config.test.tml,93,1775225315143,lib/std/tests/di/di_config.test.tml,4273,false,,lib/std/tests/di/di_config.test.tml,false
lib/std/tests/di/di_registry.test.tml,94,1775225337746,lib/std/tests/di/di_registry.test.tml,899,false,,lib/std/tests/di/di_registry.test.tml,false
lib/std/tests/di/di_registry.test.tml,95,1775225355747,lib/std/tests/di/di_registry.test.tml,4338,false,,lib/std/tests/di/di_registry.test.tml,false
lib/std/tests/di/di_module.test.tml,96,1775225376275,lib/std/tests/di/di_module.test.tml,4833,false,,lib/std/tests/di/di_module.test.tml,false
lib/std/tests/di/di_module.test.tml,97,1775225381652,lib/std/tests/di/di_module.test.tml,831,false,,lib/std/tests/di/di_module.test.tml,true
lib/std/tests/di/di_module.test.tml,98,1775225390214,lib/std/tests/di/di_module.test.tml,566,false,,lib/std/tests/di/di_module.test.tml,false
lib/std/tests/di/di_module.test.tml,99,1775225393877,lib/std/tests/di/di_module.test.tml,622,false,,lib/std/tests/di/di_module.test.tml,false
std/di,100,1775225411250,std/di,1291,false,,std/di,false
std/di,101,1775225474925,std/di,1395,false,,std/di,false
std/di,102,1775225499289,std/di,1459,false,,std/di,false
check,103,1775225547626,check,660,false,,,false
std/di,104,1775225595095,std/di,4776,false,,std/di,false
run,105,1775225663719,run,6979,true,,,false
run,106,1775225709337,run,7623,false,,,false
docs/search,107,1775226019630,docs/search,2512,false,,,false
docs/search,108,1775226019688,docs/search,50,false,,,false
docs/search,109,1775226023743,docs/search,158,false,,,false
docs/search,110,1775226023981,docs/search,63,false,,,false
docs/search,111,1775226027359,docs/search,213,false,,,false
docs/search,112,1775226040178,docs/search,192,false,,,false
check,113,1775226086390,check,662,false,,,false
check,114,1775226099973,check,358,false,,,false
check,115,1775226110982,check,350,false,,,false
check,116,1775226122353,check,303,false,,,false
check,117,1775226133712,check,351,false,,,false
check,118,1775226144092,check,301,false,,,false
lib/std/tests/http/http_json_response.test.tml,119,1775226169845,lib/std/tests/http/http_json_response.test.tml,3912,false,,lib/std/tests/http/http_json_response.test.tml,false
lib/std/tests/http/http_json_response.test.tml,120,1775226173812,lib/std/tests/http/http_json_response.test.tml,870,false,,lib/std/tests/http/http_json_response.test.tml,false
cache/invalidate,121,1775226176923,cache/invalidate,0,true,,,false
lib/std/tests/http/http_json_response.test.tml,122,1775226181301,lib/std/tests/http/http_json_response.test.tml,938,false,,lib/std/tests/http/http_json_response.test.tml,false
lib/std/tests/http/http_middleware.test.tml,123,1775226197660,lib/std/tests/http/http_middleware.test.tml,3729,false,,lib/std/tests/http/http_middleware.test.tml,false
lib/std/tests/http/http_guard.test.tml,124,1775226211212,lib/std/tests/http/http_guard.test.tml,3705,false,,lib/std/tests/http/http_guard.test.tml,false
lib/std/tests/http/http_pipe.test.tml,125,1775226225492,lib/std/tests/http/http_pipe.test.tml,4122,false,,lib/std/tests/http/http_pipe.test.tml,false
lib/std/tests/http/http_exception.test.tml,126,1775226241097,lib/std/tests/http/http_exception.test.tml,4003,false,,lib/std/tests/http/http_exception.test.tml,false
lib/std/tests/http/http_interceptor.test.tml,127,1775226254890,lib/std/tests/http/http_interceptor.test.tml,3807,false,,lib/std/tests/http/http_interceptor.test.tml,false
std/http,128,1775226397665,std/http,139245,false,,std/http,false
std/http,129,1775226442698,std/http,22039,false,,std/http,false
check,130,1775226543535,check,312,false,,,false
f:/Node/hivellm/tml/lib/std/tests/http/http_json_response.test.tml,131,1775226554988,f:/Node/hivellm/tml/lib/std/tests/http/http_json_response.test.tml,4241,false,,f:/Node/hivellm/tml/lib/std/tests/http/http_json_response.test.tml,false
std/http,132,1775226916672,std/http,23742,false,,std/http,false
std/db,133,1775226961543,std/db,2031,false,,std/db,false
std/di,134,1775226962221,std/di,669,false,,std/di,false
core/str,135,1775226964366,core/str,2140,false,,core/str,false
check,136,1775227131607,check,42,true,,,false
check,137,1775227161950,check,40,true,,,false
check,138,1775227255786,check,630,false,,,false
check,139,1775227376152,check,619,false,,,false
check,140,1775227404750,check,383,false,,,false
check,141,1775227788376,check,359,false,,,false
check,142,1775227816562,check,375,false,,,false
build,143,1775227861668,build,5490,true,,,false
build,144,1775227972394,build,6719,true,,,false
build,145,1775228041655,build,5242,true,,,false
build,146,1775228064888,build,5341,true,,,false
build,147,1775228100308,build,5463,true,,,false
docs/search,148,1775228465853,docs/search,2566,false,,,false
docs/search,149,1775228471668,docs/search,58,false,,,false
check,150,1775228496909,check,350,false,,,false
run,151,1775228509329,run,6058,true,,,false
run,152,1775228525477,run,1907,false,,,false
build,153,1775228553738,build,7083,true,,,false
run,154,1775228653870,run,304,true,,,false
emit-ir,155,1775228661349,emit-ir,331,false,,,false
emit-ir,156,1775228779284,emit-ir,334,false,,,false
emit-ir,157,1775228883148,emit-ir,316,false,,,false
emit-mir,158,1775228895804,emit-mir,336,true,,,false
check,159,1775228968917,check,298,false,,,false
emit-ir,160,1775228979351,emit-ir,361,false,,,false
emit-ir,161,1775228989875,emit-ir,341,false,,,false
emit-ir,162,1775229111472,emit-ir,324,false,,,false
emit-ir,163,1775229115328,emit-ir,309,false,,,false
emit-ir,164,1775229118818,emit-ir,324,false,,,false
emit-ir,165,1775229142369,emit-ir,378,false,,,false
core/str,0,1775229474915,core/str,16300,false,,core/str,false
core/iter,1,1775229493194,core/iter,18263,false,,core/iter,false
core/fmt,2,1775229521565,core/fmt,23880,false,,core/fmt,false
core/types,3,1775229532793,core/types,11215,false,,core/types,false
run,4,1775229562004,run,320,true,,,false
run,5,1775229580154,run,914,false,,,false
run,6,1775229600442,run,887,true,,,false
run,7,1775229614737,run,345,true,,,false
run,8,1775229629185,run,924,false,,,false
run,9,1775229649565,run,1603,false,,,false
run,10,1775229667397,run,883,true,,,false
emit-ir,11,1775229674245,emit-ir,319,false,,,false
emit-ir,12,1775229683020,emit-ir,329,false,,,false
emit-ir,13,1775229821024,emit-ir,342,false,,,false
emit-ir,14,1775229824364,emit-ir,317,false,,,false
emit-mir,15,1775229869610,emit-mir,979,true,,,false
emit-ir,0,1775230091371,emit-ir,317,false,,,false
emit-ir,1,1775230110187,emit-ir,769,false,,,false
emit-ir,2,1775230115005,emit-ir,748,false,,,false
core/str,0,1775230195844,core/str,12098,false,,core/str,false
core/str,0,1775230388813,core/str,18754,false,,core/str,false
core/iter,1,1775230410314,core/iter,17826,false,,core/iter,false
core/fmt,2,1775230440108,core/fmt,25152,false,,core/fmt,false
core/types,3,1775230457023,core/types,13780,false,,core/types,false
std/collections,4,1775230469689,std/collections,8837,false,,std/collections,false
std/collections,5,1775230478674,std/collections,926,false,,std/collections,true
emit-ir,6,1775230535541,emit-ir,4264,false,,,false
emit-ir,0,1775230599374,emit-ir,4110,false,,,false
std/collections,0,1775230694901,std/collections,8407,false,,std/collections,false
std/collections,0,1775230717733,std/collections,8212,false,,std/collections,false
core/array,0,1775230755026,core/array,19274,false,,core/array,false
core/slice,1,1775230786280,core/slice,31246,false,,core/slice,false
core/cell,2,1775230823971,core/cell,33987,false,,core/cell,false
std/json,3,1775230830359,std/json,6382,false,,std/json,false
emit-ir,4,1775230843966,emit-ir,321,false,,,false
emit-ir,5,1775230847928,emit-ir,320,false,,,false
core/num,6,1775230895968,core/num,37288,false,,core/num,false
run,0,1775231034278,run,960,false,,,false
build,1,1775231083728,build,427,true,,,false
build,2,1775231129657,build,6677,true,,,false
run,3,1775231153407,run,913,false,,,false
run,4,1775231170817,run,928,false,,,false
emit-ir,5,1775231187681,emit-ir,6530,false,,,false
emit-ir,6,1775231339227,emit-ir,6420,false,,,false
emit-ir,7,1775231366407,emit-ir,6602,false,,,false
emit-ir,8,1775231379499,emit-ir,6310,false,,,false
emit-ir,9,1775231426921,emit-ir,8041,false,,,false
emit-ir,10,1775231661585,emit-ir,578,true,,,false
emit-ir,11,1775231680235,emit-ir,4967,false,,,false
emit-ir,12,1775231688198,emit-ir,4728,false,,,false
std/http,0,1775232437948,std/http,135445,false,,std/http,false
core/str,1,1775232457472,core/str,15226,false,,core/str,false
core/iter,2,1775232475711,core/iter,18232,false,,core/iter,false
std/collections,3,1775232483957,std/collections,8240,false,,std/collections,false
std/json,4,1775232495870,std/json,6436,false,,std/json,false
core/fmt,5,1775232519206,core/fmt,23330,false,,core/fmt,false
build,6,1775232597616,build,19407,true,,,false
run,7,1775232682231,run,6796,false,,,false
run,8,1775232712764,run,14056,true,,,false
run,9,1775232758133,run,883,true,,,false
cache/invalidate,10,1775232765352,cache/invalidate,0,true,,,false
check,0,1775233282461,check,501,false,,,false
compile,1,1775233305580,compile,17173,false,,,false
check,2,1775233361599,check,345,false,,,false
compile,3,1775233369499,compile,4526,false,,,false
run,4,1775233379645,run,4546,false,,,false
run,5,1775233399024,run,5739,false,,,false
run,6,1775233447658,run,4935,true,,,false
check,7,1775233542261,check,560,true,,,false
check,8,1775233552889,check,339,false,,,false
core/str,0,1775234463809,core/str,17091,false,,core/str,false
compile,1,1775234481549,compile,17734,false,,,false
std/http,2,1775234621451,std/http,135793,false,,std/http,false
run,3,1775234644126,run,3984,false,,,false
run,4,1775234714013,run,7335,true,,,false
run,5,1775234738292,run,5307,true,,,false
run,6,1775234771620,run,5181,false,,,false
run,7,1775234776822,run,5192,false,,,false
run,8,1775234782110,run,5282,false,,,false
run,9,1775234787454,run,5339,true,,,false
run,10,1775234849800,run,356,true,,,false
docs/search,11,1775234857654,docs/search,2387,false,,,false
docs/search,12,1775234870107,docs/search,50,false,,,false
check,13,1775234893931,check,345,false,,,false
run,14,1775234897233,run,380,true,,,false
emit-ir,15,1775234913622,emit-ir,4100,false,,,false
run,16,1775234934220,run,421,true,,,false
cache/invalidate,17,1775234946054,cache/invalidate,44,false,,,false
run,18,1775234949742,run,389,true,,,false
emit-ir,19,1775234959114,emit-ir,4257,false,,,false
emit-ir,20,1775234982872,emit-ir,4140,false,,,false
emit-ir,21,1775234989188,emit-ir,3888,false,,,false
emit-ir,22,1775234996141,emit-ir,4029,false,,,false
std/http,23,1775235104992,std/http,16900,false,,std/http,false
std/http/middleware,24,1775235109964,std/http/middleware,130,false,,std/http/middleware,false
lib/std/tests/http/etag_generate.test.tml,25,1775235117207,lib/std/tests/http/etag_generate.test.tml,962,false,,lib/std/tests/http/etag_generate.test.tml,false
lib/std/tests/http/etag_conditional.test.tml,26,1775235120449,lib/std/tests/http/etag_conditional.test.tml,925,false,,lib/std/tests/http/etag_conditional.test.tml,false
lib/std/tests/http/etag_modified_since.test.tml,27,1775235123908,lib/std/tests/http/etag_modified_since.test.tml,901,false,,lib/std/tests/http/etag_modified_since.test.tml,false
run,28,1775235139426,run,404,true,,,false
cache/invalidate,29,1775235151710,cache/invalidate,37,false,,,false
run,30,1775235154899,run,439,true,,,false
emit-ir,31,1775235167548,emit-ir,4147,false,,,false
emit-ir,32,1775235258149,emit-ir,4761,false,,,false
emit-ir,33,1775235283546,emit-ir,4212,false,,,false
cache/invalidate,34,1775235331078,cache/invalidate,37,false,,,false
run,35,1775235334166,run,382,true,,,false
compile,36,1775235368991,compile,4724,false,,,false
check,37,1775235470186,check,363,false,,,false
check,38,1775235473400,check,465,false,,,false
std/http,39,1775235610765,std/http,134032,false,,std/http,false
std/http,40,1775235677405,std/http,13436,false,,std/http,false
std/http,41,1775235699622,std/http,14869,true,,std/http,false
core/str,42,1775235722125,core/str,15493,false,,core/str,false
compile,43,1775235740318,compile,18189,false,,,false
core/fmt,44,1775236554712,core/fmt,24167,false,,core/fmt,false
std/collections,45,1775236562835,std/collections,8117,false,,std/collections,false
core/iter,46,1775236581023,core/iter,18182,false,,core/iter,false
core/str,0,1775236913761,core/str,15994,false,,core/str,false
core/fmt,1,1775236937978,core/fmt,24211,false,,core/fmt,false
core/str,0,1775237739074,core/str,15733,false,,core/str,false
core/fmt,1,1775237763352,core/fmt,24274,false,,core/fmt,false
std/http,2,1775237882153,std/http,118795,false,,std/http,false
core/str,0,1775238670750,core/str,17648,false,,core/str,false
core/str,1,1775238695740,core/str,3341,false,,core/str,false
core/str,0,1775238861264,core/str,15008,false,,core/str,false
core/str,0,1775238900752,core/str,15404,false,,core/str,false
core/str,0,1775238944141,core/str,14823,false,,core/str,false
core/str,0,1775238988882,core/str,15287,false,,core/str,false
core/fmt,0,1775239054224,core/fmt,24793,false,,core/fmt,false
std/http,1,1775239182972,std/http,128740,false,,std/http,false
core/str,2,1775239254043,core/str,15318,false,,core/str,false
std/http,3,1775239277294,std/http,23243,false,,std/http,false
core/str,0,1775241089864,core/str,17303,false,,core/str,false
core/fmt,1,1775241120913,core/fmt,25706,false,,core/fmt,false
std/http,2,1775241270030,std/http,144022,false,,std/http,false
std/collections,3,1775241283555,std/collections,9533,false,,std/collections,false
std/collections,0,1775241320724,std/collections,8852,false,,std/collections,false
std/collections,1,1775241329672,std/collections,5072,false,,std/collections,false
core/iter,2,1775241358838,core/iter,24216,false,,core/iter,false
std/json,3,1775241370215,std/json,7581,false,,std/json,false
core/str,0,1775241438591,core/str,16888,false,,core/str,false
core/str,0,1775244294500,core/str,18463,false,,core/str,false
core/str,0,1775244357823,core/str,17054,false,,core/str,false
core/fmt,1,1775244386644,core/fmt,28812,false,,core/fmt,false
std/json,2,1775244402399,std/json,8578,false,,std/json,false
core/iter,3,1775244431266,core/iter,21317,false,,core/iter,false
core/num,4,1775244465004,core/num,33722,false,,core/num,false
std/collections,5,1775244483679,std/collections,12238,false,,std/collections,false
core/str,0,1775245927720,core/str,15790,false,,core/str,false
core/str,0,1775246075805,core/str,15793,false,,core/str,false
core/str,0,1775246317244,core/str,15299,false,,core/str,false
core/str,0,1775246518595,core/str,15373,false,,core/str,false
core/str,0,1775246767138,core/str,16339,false,,core/str,false
core/str,0,1775246912596,core/str,16328,false,,core/str,false
core/str,0,1775246978043,core/str,16718,false,,core/str,false
core/fmt,1,1775247003594,core/fmt,25542,false,,core/fmt,false
core/iter,2,1775247022450,core/iter,18845,false,,core/iter,false
core/ops,3,1775247057301,core/ops,29464,false,,core/ops,false
std/collections,4,1775247065766,std/collections,8459,false,,std/collections,false
core/num,5,1775247096474,core/num,30698,false,,core/num,false
std/collections,6,1775247102703,std/collections,1479,false,,std/collections,false
std/sync,7,1775247126053,std/sync,16889,false,,std/sync,false
std/sync,8,1775247144487,std/sync,14440,false,,std/sync,false
core/str,0,1775247489293,core/str,15370,false,,core/str,false
core/fmt,1,1775247516337,core/fmt,22817,false,,core/fmt,false
core/ops,2,1775247541390,core/ops,25037,false,,core/ops,false
core/str,0,1775247746847,core/str,14438,false,,core/str,false
core/fmt,1,1775247769819,core/fmt,22964,false,,core/fmt,false
std/json,2,1775247780559,std/json,7100,false,,std/json,false
core/ops,3,1775247812513,core/ops,26151,false,,core/ops,false
core/num,4,1775247839754,core/num,27229,false,,core/num,false
core/str,0,1775247891512,core/str,14771,false,,core/str,false
core/fmt,1,1775247914906,core/fmt,23384,false,,core/fmt,false
core/ops,2,1775247941847,core/ops,26927,false,,core/ops,false
core/num,3,1775247969714,core/num,27855,false,,core/num,false
std/collections,4,1775247981958,std/collections,7845,false,,std/collections,false
core/iter,5,1775247999674,core/iter,17711,false,,core/iter,false
std/promise,6,1775248012032,std/promise,6738,false,,std/promise,false
core/error,7,1775248054318,core/error,42278,false,,core/error,false
core/str,0,1775258689068,core/str,17430,false,,core/str,false
core/fmt,1,1775258717889,core/fmt,24512,false,,core/fmt,false
core/ops,2,1775258744051,core/ops,26144,false,,core/ops,false
core/num,3,1775258772705,core/num,28632,false,,core/num,false
core/alloc,4,1775258802848,core/alloc,25907,false,,core/alloc,false
core/iter,5,1775258825067,core/iter,22203,false,,core/iter,false
std/collections,6,1775258834680,std/collections,9603,false,,std/collections,false
std/collections,7,1775258855421,std/collections,14219,false,,std/collections,true
std/collections,0,1775258919062,std/collections,16268,false,,std/collections,false
core/str,0,1775258982444,core/str,15401,false,,core/str,false
core/fmt,1,1775259004216,core/fmt,21763,false,,core/fmt,false
core/num,2,1775259030497,core/num,26271,false,,core/num,false
core/ops,3,1775259055566,core/ops,25053,false,,core/ops,false
core/str,0,1775259448294,core/str,14233,false,,core/str,false
core/fmt,1,1775259470187,core/fmt,21881,false,,core/fmt,false
core/ops,2,1775259498762,core/ops,24507,false,,core/ops,false
core/num,3,1775259525049,core/num,26269,false,,core/num,false
core/str,0,1775259653612,core/str,14249,false,,core/str,false
core/fmt,1,1775259675409,core/fmt,21788,false,,core/fmt,false
core/ops,2,1775259701119,core/ops,25697,false,,core/ops,false
core/num,3,1775259727324,core/num,26198,false,,core/num,false
std/collections,4,1775259738943,std/collections,7500,false,,std/collections,false
core/iter,5,1775259757354,core/iter,18399,false,,core/iter,false
std/collections,6,1775259790692,std/collections,10325,false,,std/collections,true
emit-ir,7,1775259803669,emit-ir,4134,false,,,false
emit-ir,8,1775259811984,emit-ir,4376,false,,,false
emit-ir,9,1775259819905,emit-ir,4297,false,,,false
emit-ir,10,1775259828174,emit-ir,4180,false,,,false
emit-ir,11,1775259839291,emit-ir,4176,false,,,false
emit-ir,12,1775259861852,emit-ir,4041,false,,,false
emit-ir,13,1775259876363,emit-ir,4881,false,,,false
emit-ir,14,1775259885404,emit-ir,4142,false,,,false
emit-ir,15,1775259896018,emit-ir,4930,false,,,false
std/json,16,1775259909977,std/json,7650,false,,std/json,false
std/collections,17,1775259920115,std/collections,4205,false,,std/collections,false
core/alloc,18,1775259950958,core/alloc,24685,false,,core/alloc,false
core/slice,19,1775259979565,core/slice,28594,false,,core/slice,false
core/error,20,1775260020867,core/error,41285,false,,core/error,false
core/str,21,1775261682998,core/str,6467,false,,core/str,false
core/fmt,22,1775261692434,core/fmt,9421,false,,core/fmt,false
core/num,23,1775261702100,core/num,9655,false,,core/num,false
core/ops,24,1775261710612,core/ops,8502,false,,core/ops,false
std/http,25,1775261834690,std/http,124068,false,,std/http,false
std/di,26,1775263476773,std/di,562,false,,std/di,false
check,27,1775263480958,check,509,false,,,false
lib/std/tests/http/http_guard.test.tml,28,1775263485431,lib/std/tests/http/http_guard.test.tml,478,false,,lib/std/tests/http/http_guard.test.tml,false
lib/std/tests/http/http_json_response.test.tml,29,1775263485910,lib/std/tests/http/http_json_response.test.tml,471,false,,lib/std/tests/http/http_json_response.test.tml,false
lib/std/tests/http/http_middleware.test.tml,30,1775263492703,lib/std/tests/http/http_middleware.test.tml,565,false,,lib/std/tests/http/http_middleware.test.tml,false
lib/std/tests/http/http_pipe.test.tml,31,1775263493205,lib/std/tests/http/http_pipe.test.tml,498,false,,lib/std/tests/http/http_pipe.test.tml,false
lib/std/tests/http/http_exception.test.tml,32,1775263496583,lib/std/tests/http/http_exception.test.tml,479,false,,lib/std/tests/http/http_exception.test.tml,false
lib/std/tests/http/http_interceptor.test.tml,33,1775263497051,lib/std/tests/http/http_interceptor.test.tml,464,false,,lib/std/tests/http/http_interceptor.test.tml,false
run,34,1775263512543,run,8127,false,,,false
lib/std/tests/http/http_json_response.test.tml,35,1775263562263,lib/std/tests/http/http_json_response.test.tml,463,false,,lib/std/tests/http/http_json_response.test.tml,false
std/di,36,1775263646358,std/di,492,false,,std/di,false
check,37,1775263646643,check,280,false,,,false
core/str,0,1775266550286,core/str,15223,false,,core/str,false
std/http,1,1775266659640,std/http,109340,false,,std/http,false
check,0,1775267344681,check,606,false,,,false
run,1,1775267352473,run,825,false,,,false
core/str,2,1775267361592,core/str,1204,false,,core/str,false
core/fmt,3,1775267369762,core/fmt,3208,false,,core/fmt,false
check,4,1775293909904,check,83,true,,,false
check,5,1775293923850,check,716,false,,,false
compile,6,1775293953576,compile,17741,false,,,false
check,7,1775294052357,check,478,false,,,false
check,8,1775294606584,check,273,false,,,false
run,9,1775294613066,run,295,true,,,false
run,10,1775294622464,run,1816,false,,,false
check,11,1775294665076,check,537,false,,,false
check,12,1775294711707,check,491,false,,,false
lib/std/tests/di/di_http_integration.test.tml,13,1775294724042,lib/std/tests/di/di_http_integration.test.tml,5202,false,,lib/std/tests/di/di_http_integration.test.tml,false
lib/std/tests/di/di_application.test.tml,14,1775294730740,lib/std/tests/di/di_application.test.tml,559,false,,lib/std/tests/di/di_application.test.tml,false
lib/std/tests/di/di_http_integration.test.tml,15,1775294738646,lib/std/tests/di/di_http_integration.test.tml,901,false,,lib/std/tests/di/di_http_integration.test.tml,true
lib/std/tests/di/di_http_integration.test.tml,16,1775294761701,lib/std/tests/di/di_http_integration.test.tml,4052,false,,lib/std/tests/di/di_http_integration.test.tml,false
lib/std/tests/di/di_application.test.tml,17,1775294774603,lib/std/tests/di/di_application.test.tml,4410,false,,lib/std/tests/di/di_application.test.tml,false
lib/std/tests/di/di_http_integration.test.tml,18,1775294805656,lib/std/tests/di/di_http_integration.test.tml,4273,false,,lib/std/tests/di/di_http_integration.test.tml,false
lib/std/tests/di/di_http_integration.test.tml,19,1775294810326,lib/std/tests/di/di_http_integration.test.tml,821,false,,lib/std/tests/di/di_http_integration.test.tml,false
std/di,20,1775294818781,std/di,4185,false,,std/di,false
docs/search,21,1775294938725,docs/search,2905,false,,,false
docs/search,22,1775294938791,docs/search,61,false,,,false
docs/list,23,1775294941822,docs/list,4,false,,,false
docs/search,24,1775294942450,docs/search,28,false,,,false
docs/search,25,1775294949779,docs/search,62,false,,,false
docs/list,26,1775294951570,docs/list,4,false,,,false
check,27,1775294979997,check,3032,false,,,false
compile,28,1775294997964,compile,12298,false,,,false
check,29,1775295051199,check,2911,false,,,false
check,30,1775295295369,check,1479,false,,,false
check,31,1775295315378,check,2802,false,,,false
check,32,1775295343363,check,6196,false,,,false
lib/std/tests/db/db_convenience.test.tml,33,1775295366635,lib/std/tests/db/db_convenience.test.tml,11495,false,,lib/std/tests/db/db_convenience.test.tml,true
lib/std/tests/db/db_convenience.test.tml,34,1775295376129,lib/std/tests/db/db_convenience.test.tml,861,false,,lib/std/tests/db/db_convenience.test.tml,true
lib/std/tests/db/db_pool.test.tml,35,1775295382209,lib/std/tests/db/db_pool.test.tml,497,false,,lib/std/tests/db/db_pool.test.tml,true
check,36,1775295421491,check,416,false,,,false
lib/std/tests/db/db_convenience.test.tml,37,1775295429475,lib/std/tests/db/db_convenience.test.tml,947,false,,lib/std/tests/db/db_convenience.test.tml,true
lib/std/tests/sqlite/bind.test.tml,38,1775295447315,lib/std/tests/sqlite/bind.test.tml,511,false,,lib/std/tests/sqlite/bind.test.tml,false
.sandbox/test_exec_str_i64.test.tml,39,1775295471380,.sandbox/test_exec_str_i64.test.tml,130,false,,.sandbox/test_exec_str_i64.test.tml,true
check,40,1775295475800,check,430,false,,,false
.sandbox/test_exec_str_i64.test.tml,41,1775295478277,.sandbox/test_exec_str_i64.test.tml,120,false,,.sandbox/test_exec_str_i64.test.tml,false
lib/std/tests/db/db_convenience_minimal.test.tml,42,1775295498014,lib/std/tests/db/db_convenience_minimal.test.tml,5847,false,,lib/std/tests/db/db_convenience_minimal.test.tml,true
lib/std/tests/db/db_convenience_minimal.test.tml,43,1775295524882,lib/std/tests/db/db_convenience_minimal.test.tml,554,false,,lib/std/tests/db/db_convenience_minimal.test.tml,true
lib/std/tests/db/db_convenience_minimal.test.tml,44,1775295536806,lib/std/tests/db/db_convenience_minimal.test.tml,516,false,,lib/std/tests/db/db_convenience_minimal.test.tml,true
lib/std/tests/db/db_convenience.test.tml,45,1775295541745,lib/std/tests/db/db_convenience.test.tml,879,false,,lib/std/tests/db/db_convenience.test.tml,true
check,46,1775295595631,check,402,false,,,false
check,47,1775295599222,check,379,false,,,false
lib/std/tests/db/db_convenience.test.tml,48,1775295603059,lib/std/tests/db/db_convenience.test.tml,898,false,,lib/std/tests/db/db_convenience.test.tml,true
lib/std/tests/db/db_conv.test.tml,49,1775295622541,lib/std/tests/db/db_conv.test.tml,6098,false,,lib/std/tests/db/db_conv.test.tml,true
emit-ir,50,1775295647962,emit-ir,5120,false,,,false
emit-ir,51,1775295670891,emit-ir,8081,false,,,false
check,52,1775295755125,check,2141,false,,,false
lib/std/tests/db/db_convenience.test.tml,53,1775295768647,lib/std/tests/db/db_convenience.test.tml,6543,false,,lib/std/tests/db/db_convenience.test.tml,true
lib/std/tests/db/db_convenience.test.tml,54,1775295776639,lib/std/tests/db/db_convenience.test.tml,714,false,,lib/std/tests/db/db_convenience.test.tml,false
cache/invalidate,55,1775295787254,cache/invalidate,41,false,,,false
lib/std/tests/db/db_convenience.test.tml,56,1775295791682,lib/std/tests/db/db_convenience.test.tml,1183,false,,lib/std/tests/db/db_convenience.test.tml,true
build,57,1775295801042,build,5668,false,,,false
std/db,58,1775295824712,std/db,18145,false,,std/db,false
check,59,1775295873954,check,396,false,,,false
cache/invalidate,60,1775295877160,cache/invalidate,37,false,,,false
lib/std/tests/db/db_convenience.test.tml,61,1775295886945,lib/std/tests/db/db_convenience.test.tml,6278,false,,lib/std/tests/db/db_convenience.test.tml,true
lib/std/tests/db/db_convenience.test.tml,62,1775295912605,lib/std/tests/db/db_convenience.test.tml,5629,false,,lib/std/tests/db/db_convenience.test.tml,true
check,63,1775295950873,check,426,false,,,false
lib/std/tests/db/db_convenience.test.tml,64,1775295959711,lib/std/tests/db/db_convenience.test.tml,5989,false,,lib/std/tests/db/db_convenience.test.tml,true
cache/invalidate,65,1775295970997,cache/invalidate,45,false,,,false
lib/std/tests/db/db_convenience.test.tml,66,1775296001456,lib/std/tests/db/db_convenience.test.tml,5840,false,,lib/std/tests/db/db_convenience.test.tml,false
check,67,1775296028211,check,407,false,,,false
lib/std/tests/db/db_convenience.test.tml,68,1775296033934,lib/std/tests/db/db_convenience.test.tml,780,false,,lib/std/tests/db/db_convenience.test.tml,false
std/db,69,1775296039718,std/db,1832,false,,std/db,false
build,70,1775296051364,build,5625,false,,,false
std/db,71,1775296096407,std/db,18486,false,,std/db,false
check,72,1775296139182,check,393,false,,,false
std/db,73,1775296153213,std/db,6605,false,,std/db,false
build,74,1775296163891,build,6174,false,,,false
check,75,1775296196958,check,398,false,,,false
std/db,76,1775296217245,std/db,16689,false,,std/db,false
check,77,1775296251936,check,884,false,,,false
lib/std/tests/db/db_stmt_execute_bound.test.tml,78,1775296262041,lib/std/tests/db/db_stmt_execute_bound.test.tml,6653,false,,lib/std/tests/db/db_stmt_execute_bound.test.tml,false
std/db,79,1775296276883,std/db,6894,false,,std/db,false
std/db,80,1775296313903,std/db,1235,false,,std/db,false
emit-ir,81,1775296369329,emit-ir,5466,false,,,false
emit-ir,82,1775296381064,emit-ir,5249,false,,,false
check,83,1775296816198,check,2001,false,,,false
check,84,1775296817045,check,823,false,,,false
check,85,1775296940715,check,5302,true,,,false
check,86,1775296988139,check,5306,false,,,false
docs/search,87,1775297112213,docs/search,2855,false,,,false
docs/search,88,1775297112367,docs/search,127,false,,,false
docs/search,89,1775297115721,docs/search,67,false,,,false
docs/search,90,1775297116090,docs/search,106,false,,,false
docs/search,91,1775297119261,docs/search,39,false,,,false
docs/search,92,1775297119712,docs/search,116,false,,,false
docs/list,93,1775297122783,docs/list,4,false,,,false
docs/list,94,1775297122962,docs/list,4,false,,,false
docs/search,95,1775297127646,docs/search,53,false,,,false
docs/search,96,1775297149624,docs/search,75,false,,,false
docs/search,97,1775297157845,docs/search,39,false,,,false
docs/search,98,1775297158535,docs/search,89,false,,,false
docs/search,99,1775297162893,docs/search,48,false,,,false
docs/search,100,1775297168725,docs/search,37,false,,,false
check,101,1775297236783,check,36,true,,,false
docs/search,102,1775297241631,docs/search,101,false,,,false
check,103,1775297345503,check,58,true,,,false
docs/search,104,1775297348843,docs/search,128,false,,,false
check,105,1775297370848,check,814,false,,,false
docs/list,106,1775297458941,docs/list,5,false,,,false
check,107,1775297586278,check,884,true,,,false
docs/search,108,1775297594083,docs/search,135,false,,,false
docs/search,109,1775297598610,docs/search,143,false,,,false
docs/list,110,1775297606272,docs/list,10,false,,,false
check,111,1775297623173,check,619,false,,,false
compile,112,1775297794091,compile,17789,false,,,false
compile,113,1775297864980,compile,19793,false,,,false
compile,114,1775298082835,compile,17793,true,,,false
compile,115,1775298104925,compile,22074,false,,,false
compile,116,1775298131761,compile,26813,true,,,false
compile,117,1775298223864,compile,17548,true,,,false
check,118,1775299821371,check,496,false,,,false
std/http,0,1775301066311,std/http,155038,false,,std/http,false
check,1,1775301201617,check,520,false,,,false
emit-ir,2,1775302106818,emit-ir,5972,false,,,false
emit-ir,3,1775302115732,emit-ir,4928,false,,,false
emit-ir,4,1775302124143,emit-ir,4801,false,,,false
emit-ir,5,1775302151649,emit-ir,4962,false,,,false
run,6,1775302166379,run,6061,false,,,false
emit-ir,7,1775302198347,emit-ir,21750,false,,,false
emit-ir,8,1775302224765,emit-ir,22203,false,,,false
emit-ir,9,1775302256727,emit-ir,21737,false,,,false
emit-ir,10,1775302320808,emit-ir,22039,false,,,false
build,11,1775302381499,build,27425,false,,,false
build,12,1775302518249,build,29069,false,,,false
emit-ir,13,1775304295739,emit-ir,15914,false,,,false
emit-ir,14,1775304316425,emit-ir,20681,false,,,false
emit-ir,15,1775304342322,emit-ir,21393,false,,,false
emit-ir,16,1775304364247,emit-ir,21918,false,,,false
emit-ir,17,1775304388193,emit-ir,17746,false,,,false
emit-ir,18,1775304413119,emit-ir,21720,false,,,false
emit-ir,19,1775304439963,emit-ir,21616,false,,,false
core/str,0,1775305272901,core/str,15506,false,,core/str,false
std/http,1,1775305386060,std/http,113146,false,,std/http,false
check,2,1775306024426,check,428,true,,,false
check,3,1775306266450,check,312,false,,,false
check,4,1775306266741,check,286,false,,,false
lib/std/tests/db/db_query_groupby.test.tml,5,1775306300922,lib/std/tests/db/db_query_groupby.test.tml,5840,true,,lib/std/tests/db/db_query_groupby.test.tml,false
lib/std/tests/db/db_query_groupby.test.tml,6,1775306306964,lib/std/tests/db/db_query_groupby.test.tml,576,false,,lib/std/tests/db/db_query_groupby.test.tml,false
docs/search,7,1775306314973,docs/search,2737,false,,,false
docs/search,8,1775306318933,docs/search,55,false,,,false
lib/std/tests/db/db_query_groupby.test.tml,9,1775306349280,lib/std/tests/db/db_query_groupby.test.tml,558,false,,lib/std/tests/db/db_query_groupby.test.tml,false
cache/invalidate,10,1775306352687,cache/invalidate,0,true,,,false
cache/invalidate,11,1775306354811,cache/invalidate,0,true,,,false
lib/std/tests/db/db_query_groupby.test.tml,12,1775306358262,lib/std/tests/db/db_query_groupby.test.tml,548,false,,lib/std/tests/db/db_query_groupby.test.tml,false
lib/std/tests/db/db_query_select.test.tml,13,1775306372738,lib/std/tests/db/db_query_select.test.tml,615,false,,lib/std/tests/db/db_query_select.test.tml,false
check,14,1775306413248,check,296,false,,,false
lib/std/tests/db/db_orm_entity_phase2.test.tml,15,1775306463483,lib/std/tests/db/db_orm_entity_phase2.test.tml,925,true,,lib/std/tests/db/db_orm_entity_phase2.test.tml,false
lib/std/tests/db/db_orm_entity_phase2.test.tml,16,1775306483487,lib/std/tests/db/db_orm_entity_phase2.test.tml,4878,true,,lib/std/tests/db/db_orm_entity_phase2.test.tml,false
lib/std/tests/db/db_orm_entity_phase2.test.tml,17,1775306490368,lib/std/tests/db/db_orm_entity_phase2.test.tml,547,false,,lib/std/tests/db/db_orm_entity_phase2.test.tml,false
check,18,1775306518960,check,441,false,,,false
check,19,1775306573342,check,403,false,,,false
lib/std/tests/db/db_orm_repository_phase3.test.tml,20,1775306583751,lib/std/tests/db/db_orm_repository_phase3.test.tml,6637,false,,lib/std/tests/db/db_orm_repository_phase3.test.tml,false
lib/std/tests/db/db_orm_entity.test.tml,21,1775306587807,lib/std/tests/db/db_orm_entity.test.tml,564,false,,lib/std/tests/db/db_orm_entity.test.tml,false
lib/std/tests/db/db_orm_entity.test.tml,22,1775306592369,lib/std/tests/db/db_orm_entity.test.tml,558,false,,lib/std/tests/db/db_orm_entity.test.tml,false
std/db,23,1775306603159,std/db,7327,true,,std/db,false
lib/std/tests/db/db_convenience.test.tml,24,1775306609766,lib/std/tests/db/db_convenience.test.tml,975,true,,lib/std/tests/db/db_convenience.test.tml,false
lib/std/tests/db/db_convenience.test.tml,25,1775306614079,lib/std/tests/db/db_convenience.test.tml,912,true,,lib/std/tests/db/db_convenience.test.tml,false
lib/std/tests/db/db_convenience.test.tml,26,1775306624992,lib/std/tests/db/db_convenience.test.tml,895,true,,lib/std/tests/db/db_convenience.test.tml,false
check,27,1775306787295,check,510,false,,,false
check,28,1775306822845,check,664,false,,,false
docs/search,29,1775306916933,docs/search,2551,false,,,false
check,30,1775306934769,check,302,false,,,false
check,31,1775307192214,check,486,false,,,false
check,32,1775307194859,check,2638,false,,,false
check,33,1775307281657,check,349,false,,,false
check,34,1775307282110,check,344,false,,,false
check,35,1775307283365,check,1163,false,,,false
check,36,1775307283769,check,394,false,,,false
std/db,37,1775307321969,std/db,4598,false,,std/db,false
lib/std/tests/db/db_convenience.test.tml,38,1775307333714,lib/std/tests/db/db_convenience.test.tml,732,true,,lib/std/tests/db/db_convenience.test.tml,true
std/db,39,1775307360152,std/db,13184,false,,std/db,false
docs/search,40,1775307435822,docs/search,2978,false,,,false
docs/list,41,1775307435840,docs/list,5,false,,,false
docs/search,42,1775307453777,docs/search,55,false,,,false
docs/search,43,1775307476719,docs/search,2946,false,,,false
check,44,1775307517251,check,321,false,,,false
docs/get,45,1775307525060,docs/get,2574,false,,,false
check,46,1775307586795,check,40,true,,,false
docs/search,47,1775307614881,docs/search,4091,false,,,false
check,48,1775307633515,check,521,true,,,false
check,49,1775307650875,check,316,false,,,false
check,50,1775307658231,check,311,false,,,false
check,51,1775307694709,check,636,false,,,false
lib/std/tests/db/db_orm_relations_phase4.test.tml,52,1775307706159,lib/std/tests/db/db_orm_relations_phase4.test.tml,8872,false,,lib/std/tests/db/db_orm_relations_phase4.test.tml,false
lib/std/tests/db/db_orm_relations_phase4.test.tml,53,1775307710653,lib/std/tests/db/db_orm_relations_phase4.test.tml,492,false,,lib/std/tests/db/db_orm_relations_phase4.test.tml,false
lib/std/tests/db/db_orm_relations_phase4.test.tml,54,1775307751955,lib/std/tests/db/db_orm_relations_phase4.test.tml,525,false,,lib/std/tests/db/db_orm_relations_phase4.test.tml,false
lib/std/tests/db/db_orm_entity_phase2.test.tml,55,1775307755522,lib/std/tests/db/db_orm_entity_phase2.test.tml,949,false,,lib/std/tests/db/db_orm_entity_phase2.test.tml,false
std/db,56,1775307759670,std/db,1700,false,,std/db,false
std/db,57,1775307767030,std/db,1553,false,,std/db,false
check,58,1775307793195,check,427,false,,,false
std/db,59,1775307803186,std/db,4797,false,,std/db,false
std/db,60,1775307810255,std/db,1222,false,,std/db,false
lib/std/tests/db/db_orm_queryset_phase5.test.tml,61,1775307814611,lib/std/tests/db/db_orm_queryset_phase5.test.tml,1118,false,,lib/std/tests/db/db_orm_queryset_phase5.test.tml,false
lib/std/tests/db/db_orm_queryset_phase5.test.tml,62,1775307818463,lib/std/tests/db/db_orm_queryset_phase5.test.tml,978,false,,lib/std/tests/db/db_orm_queryset_phase5.test.tml,true
.sandbox/qs_smoke.test.tml,63,1775307830279,.sandbox/qs_smoke.test.tml,108,false,,.sandbox/qs_smoke.test.tml,true
lib/std/tests/db/db_orm_queryset.test.tml,64,1775307834167,lib/std/tests/db/db_orm_queryset.test.tml,846,false,,lib/std/tests/db/db_orm_queryset.test.tml,false
lib/std/tests/db/db_qs_join_smoke.test.tml,65,1775307852771,lib/std/tests/db/db_qs_join_smoke.test.tml,4657,false,,lib/std/tests/db/db_qs_join_smoke.test.tml,true
lib/std/tests/db/db_qs_join_smoke.test.tml,66,1775307862311,lib/std/tests/db/db_qs_join_smoke.test.tml,564,false,,lib/std/tests/db/db_qs_join_smoke.test.tml,true
lib/std/tests/db/db_qs_join_smoke.test.tml,67,1775307877109,lib/std/tests/db/db_qs_join_smoke.test.tml,521,false,,lib/std/tests/db/db_qs_join_smoke.test.tml,true
lib/std/tests/db/db_orm_queryset_phase5.test.tml,68,1775307883294,lib/std/tests/db/db_orm_queryset_phase5.test.tml,932,false,,lib/std/tests/db/db_orm_queryset_phase5.test.tml,false
emit-ir,69,1775307892678,emit-ir,3308,false,,,false
cache/invalidate,70,1775307901251,cache/invalidate,36,false,,,false
lib/std/tests/db/db_orm_queryset_phase5.test.tml,71,1775307907258,lib/std/tests/db/db_orm_queryset_phase5.test.tml,1168,false,,lib/std/tests/db/db_orm_queryset_phase5.test.tml,true
emit-ir,72,1775307929102,emit-ir,3861,false,,,false
emit-ir,73,1775307936231,emit-ir,3949,false,,,false
check,74,1775307968317,check,316,false,,,false
check,75,1775308014698,check,354,false,,,false
std/db,76,1775308019495,std/db,1745,false,,std/db,false
emit-ir,77,1775308027390,emit-ir,3464,false,,,false
lib/std/tests/db/db_orm_queryset_phase5.test.tml,78,1775308047855,lib/std/tests/db/db_orm_queryset_phase5.test.tml,907,false,,lib/std/tests/db/db_orm_queryset_phase5.test.tml,false
lib/std/tests/db/db_orm_queryset_phase5.test.tml,79,1775308057882,lib/std/tests/db/db_orm_queryset_phase5.test.tml,902,false,,lib/std/tests/db/db_orm_queryset_phase5.test.tml,false
lib/std/tests/db/db_orm_queryset.test.tml,80,1775308066262,lib/std/tests/db/db_orm_queryset.test.tml,521,false,,lib/std/tests/db/db_orm_queryset.test.tml,false
lib/std/tests/db/db_orm_queryset_phase5.test.tml,81,1775308081003,lib/std/tests/db/db_orm_queryset_phase5.test.tml,893,false,,lib/std/tests/db/db_orm_queryset_phase5.test.tml,false
lib/std/tests/db/db_orm_queryset_phase5.test.tml,82,1775308090468,lib/std/tests/db/db_orm_queryset_phase5.test.tml,911,false,,lib/std/tests/db/db_orm_queryset_phase5.test.tml,false
lib/std/tests/db/db_qs_join_smoke.test.tml,83,1775308100951,lib/std/tests/db/db_qs_join_smoke.test.tml,501,false,,lib/std/tests/db/db_qs_join_smoke.test.tml,false
cache/invalidate,84,1775308107741,cache/invalidate,38,false,,,false
lib/std/tests/db/db_orm_queryset_phase5.test.tml,85,1775308111167,lib/std/tests/db/db_orm_queryset_phase5.test.tml,933,false,,lib/std/tests/db/db_orm_queryset_phase5.test.tml,false
cache/invalidate,86,1775308122867,cache/invalidate,42,false,,,false
lib/std/tests/db/db_orm_queryset_phase5.test.tml,87,1775308126174,lib/std/tests/db/db_orm_queryset_phase5.test.tml,1061,false,,lib/std/tests/db/db_orm_queryset_phase5.test.tml,false
emit-ir,88,1775308133985,emit-ir,3233,false,,,false
emit-ir,89,1775308139949,emit-ir,3304,false,,,false
emit-ir,90,1775308265321,emit-ir,3198,false,,,false
lib/std/tests/db/db_orm_queryset_phase5.test.tml,91,1775308308842,lib/std/tests/db/db_orm_queryset_phase5.test.tml,993,false,,lib/std/tests/db/db_orm_queryset_phase5.test.tml,false
lib/std/tests/db/db_qs_phase5.test.tml,92,1775308321710,lib/std/tests/db/db_qs_phase5.test.tml,3971,false,,lib/std/tests/db/db_qs_phase5.test.tml,false
lib/std/tests/db/db_qs_phase5.test.tml,93,1775308365232,lib/std/tests/db/db_qs_phase5.test.tml,524,false,,lib/std/tests/db/db_qs_phase5.test.tml,false
std/db,94,1775308391120,std/db,1655,false,,std/db,false
lib/std/tests/db/db_orm_queryset_phase5.test.tml,95,1775308411384,lib/std/tests/db/db_orm_queryset_phase5.test.tml,927,false,,lib/std/tests/db/db_orm_queryset_phase5.test.tml,false
lib/std/tests/db/db_orm_entity_phase2.test.tml,96,1775308416558,lib/std/tests/db/db_orm_entity_phase2.test.tml,532,false,,lib/std/tests/db/db_orm_entity_phase2.test.tml,false
lib/std/tests/db/db_orm_decorators.test.tml,97,1775308421638,lib/std/tests/db/db_orm_decorators.test.tml,938,false,,lib/std/tests/db/db_orm_decorators.test.tml,false
emit-ir,98,1775308432173,emit-ir,4812,false,,,false
emit-ir,99,1775308444510,emit-ir,3310,false,,,false
lib/std/tests/db/db_orm_queryset_phase5.test.tml,100,1775308529094,lib/std/tests/db/db_orm_queryset_phase5.test.tml,3253,false,,lib/std/tests/db/db_orm_queryset_phase5.test.tml,false
lib/std/tests/db/db_orm_queryset_phase5.test.tml,101,1775308558541,lib/std/tests/db/db_orm_queryset_phase5.test.tml,4282,false,,lib/std/tests/db/db_orm_queryset_phase5.test.tml,false
lib/std/tests/db/db_orm_queryset_phase5.test.tml,102,1775308575034,lib/std/tests/db/db_orm_queryset_phase5.test.tml,3552,false,,lib/std/tests/db/db_orm_queryset_phase5.test.tml,false
lib/std/tests/db/db_orm_queryset_phase5.test.tml,103,1775308588267,lib/std/tests/db/db_orm_queryset_phase5.test.tml,3675,false,,lib/std/tests/db/db_orm_queryset_phase5.test.tml,false
lib/std/tests/db/db_orm_queryset_phase5.test.tml,104,1775308617135,lib/std/tests/db/db_orm_queryset_phase5.test.tml,4868,false,,lib/std/tests/db/db_orm_queryset_phase5.test.tml,false
lib/std/tests/db/db_orm_queryset_phase5.test.tml,105,1775308658680,lib/std/tests/db/db_orm_queryset_phase5.test.tml,4053,false,,lib/std/tests/db/db_orm_queryset_phase5.test.tml,false
lib/std/tests/db/db_orm_queryset_phase5.test.tml,106,1775308671825,lib/std/tests/db/db_orm_queryset_phase5.test.tml,3667,false,,lib/std/tests/db/db_orm_queryset_phase5.test.tml,false
lib/std/tests/db/db_orm_queryset_phase5.test.tml,107,1775308686394,lib/std/tests/db/db_orm_queryset_phase5.test.tml,3836,false,,lib/std/tests/db/db_orm_queryset_phase5.test.tml,false
lib/std/tests/db/db_qs_phase5.test.tml,108,1775308698063,lib/std/tests/db/db_qs_phase5.test.tml,3882,false,,lib/std/tests/db/db_qs_phase5.test.tml,false
std/db,109,1775308707331,std/db,5337,false,,std/db,false
std/db,110,1775308714390,std/db,2311,false,,std/db,false
check,111,1775308745693,check,416,false,,,false
check,112,1775308746190,check,466,false,,,false
std/db,113,1775308762750,std/db,11878,false,,std/db,false
lib/std/tests/db/db_orm_lifecycle.test.tml,114,1775308769817,lib/std/tests/db/db_orm_lifecycle.test.tml,680,false,,lib/std/tests/db/db_orm_lifecycle.test.tml,false
lib/std/tests/db/db_orm_relations_integration.test.tml,115,1775308770440,lib/std/tests/db/db_orm_relations_integration.test.tml,613,false,,lib/std/tests/db/db_orm_relations_integration.test.tml,false
docs/list,116,1775309179390,docs/list,2484,false,,,false
docs/list,117,1775309179399,docs/list,3,false,,,false
check,118,1775309209296,check,2533,true,,,false
check,119,1775309226005,check,322,false,,,false
docs/list,120,1775309284068,docs/list,2491,false,,,false
check,121,1775309297351,check,554,true,,,false
check,122,1775309332225,check,318,false,,,false
check,123,1775309353854,check,286,false,,,false
check,124,1775309373913,check,659,false,,,false
check,125,1775309396361,check,291,false,,,false
std/db,126,1775309431723,std/db,1296,false,,std/db,false
std/db,127,1775309437657,std/db,1296,true,,std/db,false
std/db,128,1775309465626,std/db,11573,false,,std/db,false
lib/std/tests/db/db_orm.test.tml,129,1775309471851,lib/std/tests/db/db_orm.test.tml,127,false,,lib/std/tests/db/db_orm.test.tml,false
lib/std/tests/db/db_migration.test.tml,130,1775309484240,lib/std/tests/db/db_migration.test.tml,873,false,,lib/std/tests/db/db_migration.test.tml,false
lib/std/tests/db/db_schema.test.tml,131,1775309485143,lib/std/tests/db/db_schema.test.tml,891,false,,lib/std/tests/db/db_schema.test.tml,false
lib/std/tests/db/db_orm_queryset.test.tml,132,1775309485995,lib/std/tests/db/db_orm_queryset.test.tml,847,false,,lib/std/tests/db/db_orm_queryset.test.tml,false
lib/std/tests/db/db_orm_entity.test.tml,133,1775309486897,lib/std/tests/db/db_orm_entity.test.tml,894,false,,lib/std/tests/db/db_orm_entity.test.tml,false
lib/std/tests/db/db_orm_relation.test.tml,134,1775309488048,lib/std/tests/db/db_orm_relation.test.tml,1147,false,,lib/std/tests/db/db_orm_relation.test.tml,false
lib/std/tests/db/db_orm_lifecycle.test.tml,135,1775309489441,lib/std/tests/db/db_orm_lifecycle.test.tml,1384,false,,lib/std/tests/db/db_orm_lifecycle.test.tml,false
docs/search,0,1775309723562,docs/search,2528,false,,,false
docs/search,1,1775309723609,docs/search,39,false,,,false
docs/search,2,1775309723643,docs/search,28,false,,,false
docs/list,3,1775309727959,docs/list,5,false,,,false
docs/list,4,1775309728402,docs/list,5,false,,,false
docs/search,5,1775309729110,docs/search,152,false,,,false
docs/list,6,1775309733150,docs/list,4,false,,,false
docs/search,7,1775309759740,docs/search,34,false,,,false
docs/list,8,1775310040245,docs/list,3027,false,,,false
docs/search,9,1775310045296,docs/search,39,false,,,false
check,10,1775310067040,check,300,false,,,false
check,11,1775310091230,check,41,true,,,false
docs/search,12,1775310096556,docs/search,115,false,,,false
explain,13,1775310096711,explain,31,false,,,false
docs/search,14,1775310105169,docs/search,73,false,,,false
check,15,1775310155145,check,37,true,,,false
check,16,1775310185832,check,37,true,,,false
check,17,1775310194099,check,32,true,,,false
check,18,1775310202696,check,32,true,,,false
check,19,1775310212664,check,36,true,,,false
check,20,1775310222414,check,36,true,,,false
check,21,1775310233156,check,35,true,,,false
check,22,1775310240247,check,295,false,,,false
check,23,1775310317446,check,608,false,,,false
check,24,1775310326501,check,511,true,,,false
check,25,1775310359759,check,378,false,,,false
check,26,1775310363375,check,278,true,,,false
check,27,1775310420531,check,402,false,,,false
check,0,1775310497169,check,424,true,,,false
check,1,1775310511344,check,420,false,,,false
docs/list,28,1775310514275,docs/list,2494,false,,,false
docs/search,29,1775310514395,docs/search,112,false,,,false
docs/list,30,1775310518193,docs/list,5,false,,,false
docs/search,31,1775310521285,docs/search,141,false,,,false
check,2,1775310523503,check,568,true,,,false
docs/get,32,1775310524474,docs/get,6,false,,,false
docs/search,33,1775310527771,docs/search,48,false,,,false
docs/get,34,1775310532403,docs/get,4,false,,,false
check,3,1775310536260,check,567,true,,,false
check,35,1775310560132,check,412,false,,,false
check,36,1775310602469,check,756,false,,,false
check,37,1775310614093,check,386,false,,,false
check,38,1775310636527,check,800,false,,,false
docs/search,39,1775310760232,docs/search,2872,false,,,false
docs/search,40,1775310760351,docs/search,109,false,,,false
check,41,1775310804331,check,421,false,,,false
check,0,1775310822413,check,421,false,,,false
check,0,1775310891465,check,32,true,,,false
check,1,1775310904989,check,421,true,,,false
check,2,1775310921581,check,326,false,,,false
check,1,1775310928206,check,1641,false,,,false
core/error,3,1775310973614,core/error,42945,false,,core/error,false
check,2,1775310974699,check,1882,false,,,false
core/iter,4,1775310991788,core/iter,18159,false,,core/iter,false
check,3,1775311010671,check,409,false,,,false
std/db,5,1775311012778,std/db,20986,false,,std/db,false
check,6,1775311032267,check,381,false,,,false
check,7,1775311032648,check,375,false,,,false
std/db,8,1775311134266,std/db,823,false,,std/db,false
check,4,1775311155069,check,1862,false,,,false
emit-ir,9,1775311172987,emit-ir,375,false,,,false
emit-ir,10,1775311180597,emit-ir,393,false,,,false
check,11,1775311194561,check,30,true,,,false
check,12,1775311205153,check,34,true,,,false
check,5,1775311209076,check,2570,false,,,false
check,13,1775311216621,check,521,false,,,false
run,14,1775311233599,run,4965,true,,,false
check,6,1775311242090,check,804,false,,,false
check,15,1775311248514,check,485,false,,,false
check,7,1775311259059,check,410,false,,,false
run,16,1775311259092,run,6720,false,,,false
check,8,1775311288174,check,408,false,,,false
std/db,17,1775311390065,std/db,796,false,,std/db,false
lib/std/tests/db/db_integration.test.tml,18,1775311400868,lib/std/tests/db/db_integration.test.tml,770,false,,lib/std/tests/db/db_integration.test.tml,false
lib/std/tests/db/db_orm_queryset.test.tml,19,1775311401654,lib/std/tests/db/db_orm_queryset.test.tml,780,false,,lib/std/tests/db/db_orm_queryset.test.tml,false
lib/std/tests/db/db_orm_entity.test.tml,20,1775311413672,lib/std/tests/db/db_orm_entity.test.tml,770,false,,lib/std/tests/db/db_orm_entity.test.tml,false
lib/std/tests/db/db_orm_relation.test.tml,21,1775311414591,lib/std/tests/db/db_orm_relation.test.tml,800,false,,lib/std/tests/db/db_orm_relation.test.tml,false
lib/std/tests/db/db_orm_repository_phase3.test.tml,22,1775311415297,lib/std/tests/db/db_orm_repository_phase3.test.tml,702,false,,lib/std/tests/db/db_orm_repository_phase3.test.tml,false
lib/std/tests/db/db_orm_repository_phase3.test.tml,23,1775311430168,lib/std/tests/db/db_orm_repository_phase3.test.tml,680,true,,lib/std/tests/db/db_orm_repository_phase3.test.tml,true
check,24,1775311451081,check,406,false,,,false
lib/std/tests/ia/tensor_creation.test.tml,9,1775311568277,lib/std/tests/ia/tensor_creation.test.tml,474,false,,lib/std/tests/ia/tensor_creation.test.tml,false
lib/std/tests/ia/tensor_reduce.test.tml,10,1775311568823,lib/std/tests/ia/tensor_reduce.test.tml,463,false,,lib/std/tests/ia/tensor_reduce.test.tml,false
lib/std/tests/ia/tensor_matmul.test.tml,11,1775311573856,lib/std/tests/ia/tensor_matmul.test.tml,468,false,,lib/std/tests/ia/tensor_matmul.test.tml,false
lib/std/tests/ia/tensor_reshape.test.tml,12,1775311574307,lib/std/tests/ia/tensor_reshape.test.tml,448,false,,lib/std/tests/ia/tensor_reshape.test.tml,false
lib/std/tests/ia/tensor_ops.test.tml,13,1775311586366,lib/std/tests/ia/tensor_ops.test.tml,7839,false,,lib/std/tests/ia/tensor_ops.test.tml,false
lib/std/tests/ia/tensor_compare.test.tml,14,1775311587184,lib/std/tests/ia/tensor_compare.test.tml,812,false,,lib/std/tests/ia/tensor_compare.test.tml,false
check,15,1775311751638,check,432,false,,,false
check,16,1775311752644,check,998,false,,,false
lib/std/tests/ia/tensor_ops.test.tml,17,1775311760558,lib/std/tests/ia/tensor_ops.test.tml,885,false,,lib/std/tests/ia/tensor_ops.test.tml,false
cache/invalidate,18,1775311769464,cache/invalidate,38,false,,,false
lib/std/tests/ia/tensor_ops.test.tml,19,1775311772113,lib/std/tests/ia/tensor_ops.test.tml,530,false,,lib/std/tests/ia/tensor_ops.test.tml,false
lib/std/tests/ia/tensor_ops.test.tml,20,1775311789493,lib/std/tests/ia/tensor_ops.test.tml,516,false,,lib/std/tests/ia/tensor_ops.test.tml,false
cache/invalidate,21,1775311808042,cache/invalidate,43,false,,,false
lib/std/tests/ia/tensor_ops.test.tml,22,1775311821056,lib/std/tests/ia/tensor_ops.test.tml,525,false,,lib/std/tests/ia/tensor_ops.test.tml,false
cache/invalidate,23,1775311946836,cache/invalidate,0,true,,,false
cache/invalidate,24,1775311955685,cache/invalidate,48,false,,,false
lib/std/tests/ia/tensor_ops.test.tml,25,1775311971851,lib/std/tests/ia/tensor_ops.test.tml,575,false,,lib/std/tests/ia/tensor_ops.test.tml,false
cache/invalidate,26,1775311988119,cache/invalidate,72,false,,,false
lib/std/tests/ia/tensor_ops.test.tml,27,1775311992912,lib/std/tests/ia/tensor_ops.test.tml,766,false,,lib/std/tests/ia/tensor_ops.test.tml,false
lib/std/tests/ia/tensor_ops.test.tml,28,1775312421109,lib/std/tests/ia/tensor_ops.test.tml,8499,false,,lib/std/tests/ia/tensor_ops.test.tml,false
lib/std/tests/ia/tensor_compare.test.tml,29,1775312448054,lib/std/tests/ia/tensor_compare.test.tml,8387,false,,lib/std/tests/ia/tensor_compare.test.tml,false
std/ia,30,1775312464768,std/ia,8685,false,,std/ia,false
lib/std/tests/ia/tensor_reshape.test.tml,31,1775312481384,lib/std/tests/ia/tensor_reshape.test.tml,656,false,,lib/std/tests/ia/tensor_reshape.test.tml,false
lib/std/tests/ia/tensor_shape.test.tml,32,1775312846000,lib/std/tests/ia/tensor_shape.test.tml,457,false,,lib/std/tests/ia/tensor_shape.test.tml,false
lib/std/tests/ia/tensor_ops_extra.test.tml,33,1775312846564,lib/std/tests/ia/tensor_ops_extra.test.tml,559,false,,lib/std/tests/ia/tensor_ops_extra.test.tml,false
lib/std/tests/ia/tensor_broadcast.test.tml,34,1775312855335,lib/std/tests/ia/tensor_broadcast.test.tml,8767,false,,lib/std/tests/ia/tensor_broadcast.test.tml,false
lib/std/tests/ia/tensor_reduce_extra.test.tml,35,1775312861074,lib/std/tests/ia/tensor_reduce_extra.test.tml,466,false,,lib/std/tests/ia/tensor_reduce_extra.test.tml,false
lib/std/tests/ia/tensor_creation_extra.test.tml,36,1775312861539,lib/std/tests/ia/tensor_creation_extra.test.tml,462,false,,lib/std/tests/ia/tensor_creation_extra.test.tml,false
lib/std/tests/ia/tensor_reshape_extra.test.tml,37,1775312869916,lib/std/tests/ia/tensor_reshape_extra.test.tml,8370,false,,lib/std/tests/ia/tensor_reshape_extra.test.tml,false
docs/search,25,1775312933740,docs/search,2630,false,,,false
docs/list,26,1775312933754,docs/list,4,false,,,false
docs/search,27,1775312933847,docs/search,88,false,,,false
docs/get,28,1775312937511,docs/get,6,false,,,false
docs/get,29,1775312937998,docs/get,5,false,,,false
docs/get,30,1775312938017,docs/get,6,false,,,false
docs/list,31,1775312942732,docs/list,6,false,,,false
docs/search,32,1775312943110,docs/search,186,false,,,false
docs/list,33,1775312949428,docs/list,4,false,,,false
docs/list,34,1775312949744,docs/list,5,false,,,false
docs/list,35,1775312955346,docs/list,4,false,,,false
docs/get,36,1775312960972,docs/get,5,false,,,false
docs/get,37,1775312968245,docs/get,5,false,,,false
docs/list,38,1775312968987,docs/list,3,false,,,false
lib/std/tests/ia/tensor_broadcast.test.tml,38,1775313007602,lib/std/tests/ia/tensor_broadcast.test.tml,1359,false,,lib/std/tests/ia/tensor_broadcast.test.tml,false
lib/std/tests/ia/tensor_broadcast.test.tml,39,1775313014134,lib/std/tests/ia/tensor_broadcast.test.tml,1207,true,,lib/std/tests/ia/tensor_broadcast.test.tml,true
cache/invalidate,40,1775313022006,cache/invalidate,36,false,,,false
lib/std/tests/ia/tensor_broadcast.test.tml,41,1775313026150,lib/std/tests/ia/tensor_broadcast.test.tml,1326,false,,lib/std/tests/ia/tensor_broadcast.test.tml,false
emit-ir,42,1775313042086,emit-ir,7487,false,,,false
emit-ir,43,1775313055387,emit-ir,7852,false,,,false
emit-ir,44,1775313078355,emit-ir,7951,false,,,false
emit-ir,45,1775313092798,emit-ir,7712,false,,,false
check,39,1775313095294,check,282,false,,,false
check,40,1775313096350,check,1051,false,,,false
check,41,1775313100296,check,290,false,,,false
emit-ir,46,1775313110701,emit-ir,7781,false,,,false
emit-ir,47,1775313123960,emit-ir,7948,false,,,false
emit-ir,48,1775313138304,emit-ir,7473,false,,,false
check,42,1775313159321,check,463,false,,,false
emit-ir,49,1775313165660,emit-ir,11798,false,,,false
docs/search,43,1775313169040,docs/search,4300,false,,,false
cache/invalidate,50,1775313192639,cache/invalidate,42,false,,,false
lib/std/tests/ia/tensor_broadcast.test.tml,51,1775313197372,lib/std/tests/ia/tensor_broadcast.test.tml,1203,false,,lib/std/tests/ia/tensor_broadcast.test.tml,false
emit-ir,52,1775313209623,emit-ir,7401,false,,,false
cache/invalidate,53,1775313235938,cache/invalidate,33,false,,,false
lib/std/tests/ia/tensor_broadcast.test.tml,54,1775313240396,lib/std/tests/ia/tensor_broadcast.test.tml,1241,false,,lib/std/tests/ia/tensor_broadcast.test.tml,false
check,44,1775313250781,check,1578,true,,,false
docs/search,45,1775313260132,docs/search,2578,false,,,false
cache/invalidate,55,1775313296199,cache/invalidate,34,false,,,false
lib/std/tests/ia/tensor_broadcast.test.tml,56,1775313307279,lib/std/tests/ia/tensor_broadcast.test.tml,8216,false,,lib/std/tests/ia/tensor_broadcast.test.tml,false
docs/search,46,1775313309646,docs/search,77,false,,,false
docs/search,47,1775313326669,docs/search,76,false,,,false
lib/std/tests/ia/tensor_broadcast.test.tml,57,1775313326688,lib/std/tests/ia/tensor_broadcast.test.tml,1147,false,,lib/std/tests/ia/tensor_broadcast.test.tml,true
cache/invalidate,58,1775313360394,cache/invalidate,36,false,,,false
lib/std/tests/ia/tensor_broadcast.test.tml,59,1775313366456,lib/std/tests/ia/tensor_broadcast.test.tml,1236,false,,lib/std/tests/ia/tensor_broadcast.test.tml,false
emit-ir,60,1775313382449,emit-ir,7399,false,,,false
check,48,1775313427247,check,40,true,,,false
lib/std/tests/ia/tensor_broadcast.test.tml,61,1775313499558,lib/std/tests/ia/tensor_broadcast.test.tml,466,false,,lib/std/tests/ia/tensor_broadcast.test.tml,false
lib/std/tests/ia/tensor_creation.test.tml,62,1775313500003,lib/std/tests/ia/tensor_creation.test.tml,441,false,,lib/std/tests/ia/tensor_creation.test.tml,false
std/ia,63,1775313506325,std/ia,1977,false,,std/ia,false
docs/search,64,1775314372176,docs/search,2577,false,,,false
docs/list,65,1775314377839,docs/list,5,false,,,false
docs/search,66,1775314662573,docs/search,2607,false,,,false
docs/search,67,1775314667150,docs/search,49,false,,,false
docs/search,68,1775314774002,docs/search,45,false,,,false
docs/search,69,1775314780636,docs/search,182,false,,,false
docs/search,70,1775314784386,docs/search,54,false,,,false
docs/search,71,1775314792239,docs/search,43,false,,,false
check,72,1775314850741,check,1767,false,,,false
check,0,1775314938081,check,1545,false,,,false
check,1,1775314986294,check,7426,false,,,false
lib/std/tests/ia/tensor_matmul.test.tml,2,1775314993495,lib/std/tests/ia/tensor_matmul.test.tml,2387,false,,lib/std/tests/ia/tensor_matmul.test.tml,false
lib/std/tests/ia/tensor_ops.test.tml,3,1775314998093,lib/std/tests/ia/tensor_ops.test.tml,1193,false,,lib/std/tests/ia/tensor_ops.test.tml,false
lib/std/tests/ia/tensor_reduce.test.tml,0,1775315004085,lib/std/tests/ia/tensor_reduce.test.tml,1200,false,,lib/std/tests/ia/tensor_reduce.test.tml,false
lib/std/tests/ia/tensor_ops_extra.test.tml,1,1775315013280,lib/std/tests/ia/tensor_ops_extra.test.tml,807,false,,lib/std/tests/ia/tensor_ops_extra.test.tml,false
lib/std/tests/ia/tensor_reduce_extra.test.tml,2,1775315014434,lib/std/tests/ia/tensor_reduce_extra.test.tml,819,false,,lib/std/tests/ia/tensor_reduce_extra.test.tml,false
lib/std/tests/ia/tensor_broadcast.test.tml,3,1775315015650,lib/std/tests/ia/tensor_broadcast.test.tml,1212,false,,lib/std/tests/ia/tensor_broadcast.test.tml,false
std/ia,4,1775315029360,std/ia,2010,false,,std/ia,false
lib/std/tests/ia/tensor_matmul.test.tml,5,1775315037676,lib/std/tests/ia/tensor_matmul.test.tml,847,false,,lib/std/tests/ia/tensor_matmul.test.tml,false
lib/std/tests/ia/tensor_ops.test.tml,6,1775315038553,lib/std/tests/ia/tensor_ops.test.tml,822,false,,lib/std/tests/ia/tensor_ops.test.tml,false
lib/std/tests/ia/tensor_reduce.test.tml,7,1775315039440,lib/std/tests/ia/tensor_reduce.test.tml,820,false,,lib/std/tests/ia/tensor_reduce.test.tml,false
lib/std/tests/ia/tensor_ops_extra.test.tml,8,1775315040312,lib/std/tests/ia/tensor_ops_extra.test.tml,803,false,,lib/std/tests/ia/tensor_ops_extra.test.tml,false
lib/std/tests/ia/tensor_reduce_extra.test.tml,9,1775315041190,lib/std/tests/ia/tensor_reduce_extra.test.tml,792,false,,lib/std/tests/ia/tensor_reduce_extra.test.tml,false
lib/std/tests/ia/tensor_creation.test.tml,10,1775315042015,lib/std/tests/ia/tensor_creation.test.tml,820,false,,lib/std/tests/ia/tensor_creation.test.tml,false
lib/std/tests/ia/tensor_reshape.test.tml,11,1775315042791,lib/std/tests/ia/tensor_reshape.test.tml,770,false,,lib/std/tests/ia/tensor_reshape.test.tml,false
lib/std/tests/ia/tensor_matmul.test.tml,0,1775315070380,lib/std/tests/ia/tensor_matmul.test.tml,463,false,,lib/std/tests/ia/tensor_matmul.test.tml,false
lib/std/tests/ia/tensor_ops.test.tml,1,1775315070849,lib/std/tests/ia/tensor_ops.test.tml,465,false,,lib/std/tests/ia/tensor_ops.test.tml,false
lib/std/tests/ia/tensor_reduce.test.tml,2,1775315071310,lib/std/tests/ia/tensor_reduce.test.tml,457,false,,lib/std/tests/ia/tensor_reduce.test.tml,false
lib/std/tests/ia/tensor_broadcast.test.tml,3,1775315072171,lib/std/tests/ia/tensor_broadcast.test.tml,851,false,,lib/std/tests/ia/tensor_broadcast.test.tml,false
cache/invalidate,4,1775315114220,cache/invalidate,54,false,,,false
lib/std/tests/ia/tensor_broadcast.test.tml,5,1775315128421,lib/std/tests/ia/tensor_broadcast.test.tml,9422,false,,lib/std/tests/ia/tensor_broadcast.test.tml,false
lib/std/tests/ia/tensor_ops_extra.test.tml,6,1775315140359,lib/std/tests/ia/tensor_ops_extra.test.tml,7039,false,,lib/std/tests/ia/tensor_ops_extra.test.tml,false
lib/std/tests/ia/tensor_creation_extra.test.tml,0,1775315148432,lib/std/tests/ia/tensor_creation_extra.test.tml,7884,false,,lib/std/tests/ia/tensor_creation_extra.test.tml,false
lib/std/tests/ia/tensor_reshape_extra.test.tml,1,1775315158911,lib/std/tests/ia/tensor_reshape_extra.test.tml,10472,false,,lib/std/tests/ia/tensor_reshape_extra.test.tml,false
lib/std/tests/ia/tensor_compare.test.tml,2,1775315169795,lib/std/tests/ia/tensor_compare.test.tml,10878,false,,lib/std/tests/ia/tensor_compare.test.tml,false
lib/std/tests/ia/tensor_shape.test.tml,3,1775315175796,lib/std/tests/ia/tensor_shape.test.tml,5994,false,,lib/std/tests/ia/tensor_shape.test.tml,false
lib/std/tests/ia/tensor_reduce_extra.test.tml,4,1775315183445,lib/std/tests/ia/tensor_reduce_extra.test.tml,875,false,,lib/std/tests/ia/tensor_reduce_extra.test.tml,false
core/error,0,1775315190378,core/error,41304,false,,core/error,false
lib/std/tests/ia/tensor_ops_extra.test.tml,5,1775315193253,lib/std/tests/ia/tensor_ops_extra.test.tml,9799,false,,lib/std/tests/ia/tensor_ops_extra.test.tml,false
docs/search,6,1775315391773,docs/search,2504,false,,,false
docs/search,7,1775315391850,docs/search,68,false,,,false
docs/list,8,1775315396102,docs/list,5,false,,,false
check,1,1775315446339,check,323,false,,,false
docs/search,9,1775315479149,docs/search,24,false,,,false
docs/list,10,1775315479635,docs/list,5,false,,,false
docs/search,11,1775315488452,docs/search,60,false,,,false
docs/search,0,1775315509810,docs/search,2654,false,,,false
check,1,1775315538339,check,376,false,,,false
check,0,1775315701073,check,1014,false,,,false
check,1,1775315715557,check,393,false,,,false
check,2,1775315727149,check,298,true,,,false
check,3,1775315747468,check,310,false,,,false
check,0,1775315775236,check,419,false,,,false
core/error,0,1775315836690,core/error,43261,false,,core/error,false
docs/list,1,1775316008217,docs/list,2718,false,,,false
docs/list,2,1775316008235,docs/list,4,false,,,false
docs/search,3,1775316008279,docs/search,41,false,,,false
docs/search,4,1775316014430,docs/search,19,false,,,false
docs/search,5,1775316014899,docs/search,45,false,,,false
docs/search,6,1775316015435,docs/search,25,false,,,false
docs/search,7,1775316024656,docs/search,29,false,,,false
docs/search,8,1775316029926,docs/search,29,false,,,false
check,9,1775316146495,check,1584,false,,,false
check,10,1775316167843,check,443,false,,,false
lib/std/tests/ia/autograd_backward.test.tml,11,1775316242187,lib/std/tests/ia/autograd_backward.test.tml,12470,false,,lib/std/tests/ia/autograd_backward.test.tml,false
lib/std/tests/ia/autograd_backward.test.tml,12,1775316262328,lib/std/tests/ia/autograd_backward.test.tml,12383,true,,lib/std/tests/ia/autograd_backward.test.tml,true
check,13,1775316366454,check,916,false,,,false
lib/std/tests/ia/autograd_backward.test.tml,14,1775316383558,lib/std/tests/ia/autograd_backward.test.tml,12785,false,,lib/std/tests/ia/autograd_backward.test.tml,false
check,15,1775316433235,check,911,false,,,false
lib/std/tests/ia/autograd_backward.test.tml,16,1775316450274,lib/std/tests/ia/autograd_backward.test.tml,11374,false,,lib/std/tests/ia/autograd_backward.test.tml,false
emit-ir,17,1775316473364,emit-ir,12025,false,,,false
emit-ir,18,1775316489762,emit-ir,12181,false,,,false
emit-ir,19,1775316509541,emit-ir,11886,false,,,false
emit-ir,20,1775316525082,emit-ir,11585,false,,,false
emit-ir,21,1775316544996,emit-ir,12021,false,,,false
emit-ir,22,1775316567935,emit-ir,11723,false,,,false
emit-ir,23,1775316585086,emit-ir,12248,false,,,false
emit-ir,24,1775316603124,emit-ir,11967,false,,,false
emit-ir,25,1775316621724,emit-ir,10873,false,,,false
emit-ir,26,1775316637919,emit-ir,10822,false,,,false
emit-ir,27,1775316661159,emit-ir,11785,false,,,false
emit-ir,28,1775316680069,emit-ir,11612,false,,,false
lib/std/tests/ia/autograd_backward.test.tml,29,1775316707675,lib/std/tests/ia/autograd_backward.test.tml,508,false,,lib/std/tests/ia/autograd_backward.test.tml,false
emit-ir,30,1775316724717,emit-ir,11682,false,,,false
emit-ir,31,1775316742858,emit-ir,11974,false,,,false
emit-ir,32,1775316763644,emit-ir,11968,false,,,false
emit-ir,33,1775316783047,emit-ir,11640,false,,,false
cache/invalidate,34,1775316903126,cache/invalidate,40,false,,,false
lib/std/tests/ia/autograd_backward.test.tml,35,1775316909997,lib/std/tests/ia/autograd_backward.test.tml,492,false,,lib/std/tests/ia/autograd_backward.test.tml,false
lib/std/tests/ia/autograd_backward.test.tml,36,1775316961072,lib/std/tests/ia/autograd_backward.test.tml,12652,false,,lib/std/tests/ia/autograd_backward.test.tml,false
lib/std/tests/ia/autograd_backward.test.tml,37,1775316970451,lib/std/tests/ia/autograd_backward.test.tml,801,false,,lib/std/tests/ia/autograd_backward.test.tml,false
lib/std/tests/ia/autograd_backward.test.tml,38,1775316985668,lib/std/tests/ia/autograd_backward.test.tml,467,false,,lib/std/tests/ia/autograd_backward.test.tml,false
docs/list,1,1775316987571,docs/list,2474,false,,,false
docs/list,2,1775316987582,docs/list,4,false,,,false
docs/list,3,1775316987590,docs/list,3,false,,,false
docs/get,4,1775316994782,docs/get,5,false,,,false
check,5,1775317013993,check,30,true,,,false
docs/search,6,1775317018854,docs/search,99,false,,,false
check,7,1775317043970,check,30,true,,,false
check,8,1775317048300,check,31,true,,,false
lib/std/tests/ia/autograd_backward.test.tml,39,1775317048671,lib/std/tests/ia/autograd_backward.test.tml,788,false,,lib/std/tests/ia/autograd_backward.test.tml,false
docs/get,9,1775317064311,docs/get,5,false,,,false
check,10,1775317160185,check,40,true,,,false
check,11,1775317264731,check,39,true,,,false
check,12,1775317269179,check,39,true,,,false
check,13,1775317292824,check,2272,false,,,false
check,40,1775317569444,check,463,false,,,false
check,41,1775317624169,check,65,true,,,false
check,42,1775317667522,check,450,false,,,false
check,43,1775317721585,check,577,false,,,false
check,44,1775317760476,check,415,false,,,false
check,45,1775317782122,check,419,false,,,false
check,0,1775317820413,check,737,false,,,false
check,1,1775317850241,check,458,false,,,false
check,2,1775317895848,check,455,false,,,false
check,3,1775317931110,check,441,false,,,false
check,4,1775317950304,check,289,false,,,false
std/ia,5,1775317972936,std/ia,592,false,,std/ia,false
lib/std/tests/ia/nn_activation.test.tml,6,1775318284578,lib/std/tests/ia/nn_activation.test.tml,9436,false,,lib/std/tests/ia/nn_activation.test.tml,false
lib/std/tests/ia/nn_linear.test.tml,7,1775318296039,lib/std/tests/ia/nn_linear.test.tml,11449,false,,lib/std/tests/ia/nn_linear.test.tml,false
lib/std/tests/ia/nn_loss.test.tml,8,1775318347494,lib/std/tests/ia/nn_loss.test.tml,7685,false,,lib/std/tests/ia/nn_loss.test.tml,false
lib/std/tests/ia/nn_norm.test.tml,9,1775318354973,lib/std/tests/ia/nn_norm.test.tml,7472,false,,lib/std/tests/ia/nn_norm.test.tml,false
lib/std/tests/ia/nn_embedding.test.tml,10,1775318363696,lib/std/tests/ia/nn_embedding.test.tml,8714,false,,lib/std/tests/ia/nn_embedding.test.tml,false
docs/search,11,1775318526905,docs/search,3358,false,,,false
docs/search,12,1775318526978,docs/search,64,false,,,false
docs/search,13,1775318527008,docs/search,25,false,,,false
docs/search,14,1775318532481,docs/search,66,false,,,false
docs/search,15,1775318533277,docs/search,68,false,,,false
docs/search,16,1775318533679,docs/search,46,false,,,false
docs/search,17,1775318539307,docs/search,83,false,,,false
docs/search,18,1775318540999,docs/search,70,false,,,false
docs/list,19,1775318545245,docs/list,4,false,,,false
check,20,1775318602340,check,1046,false,,,false
check,21,1775318640694,check,574,false,,,false
check,22,1775318686419,check,987,false,,,false
check,23,1775318709803,check,1044,false,,,false
check,24,1775318722965,check,270,false,,,false
check,25,1775318735206,check,381,false,,,false
check,26,1775318755062,check,688,false,,,false
docs/get,27,1775318759923,docs/get,7,false,,,false
docs/search,28,1775318763612,docs/search,55,false,,,false
check,29,1775318787050,check,34,true,,,false
check,30,1775318801714,check,582,false,,,false
check,31,1775318836804,check,391,false,,,false
check,32,1775318886695,check,1029,false,,,false
check,33,1775318900564,check,384,false,,,false
check,34,1775318910182,check,435,false,,,false
check,35,1775318926431,check,600,false,,,false
check,36,1775318927021,check,578,false,,,false
check,37,1775318996718,check,1613,false,,,false
check,38,1775318997673,check,900,false,,,false
check,39,1775318999313,check,1631,false,,,false
check,40,1775318999776,check,456,false,,,false
check,41,1775319000409,check,627,false,,,false
check,42,1775319001532,check,1102,false,,,false
check,43,1775319008054,check,931,false,,,false
check,44,1775319008656,check,597,false,,,false
check,45,1775319010240,check,1561,false,,,false
check,46,1775319010863,check,610,false,,,false
check,47,1775319011314,check,441,false,,,false
lib/std/tests/ia/optim_scheduler.test.tml,48,1775319210986,lib/std/tests/ia/optim_scheduler.test.tml,501,false,,lib/std/tests/ia/optim_scheduler.test.tml,false
lib/std/tests/ia/optim_adam.test.tml,49,1775319221816,lib/std/tests/ia/optim_adam.test.tml,10721,false,,lib/std/tests/ia/optim_adam.test.tml,false
lib/std/tests/ia/optim_scheduler.test.tml,50,1775319267744,lib/std/tests/ia/optim_scheduler.test.tml,3238,false,,lib/std/tests/ia/optim_scheduler.test.tml,false
check,51,1775319318996,check,283,false,,,false
lib/std/tests/ia/optim_scheduler.test.tml,52,1775319328048,lib/std/tests/ia/optim_scheduler.test.tml,3212,false,,lib/std/tests/ia/optim_scheduler.test.tml,false
lib/std/tests/ia/optim_scheduler.test.tml,53,1775319354177,lib/std/tests/ia/optim_scheduler.test.tml,3746,false,,lib/std/tests/ia/optim_scheduler.test.tml,false
cache/invalidate,54,1775319364758,cache/invalidate,35,false,,,false
lib/std/tests/ia/optim_adam.test.tml,55,1775319371474,lib/std/tests/ia/optim_adam.test.tml,508,false,,lib/std/tests/ia/optim_adam.test.tml,false
lib/std/tests/ia/optim_adam.test.tml,56,1775319411918,lib/std/tests/ia/optim_adam.test.tml,515,false,,lib/std/tests/ia/optim_adam.test.tml,false
lib/std/tests/ia/optim_adam.test.tml,57,1775319429986,lib/std/tests/ia/optim_adam.test.tml,515,false,,lib/std/tests/ia/optim_adam.test.tml,false
cache/invalidate,58,1775319451941,cache/invalidate,39,false,,,false
lib/std/tests/ia/optim_adam.test.tml,59,1775319465905,lib/std/tests/ia/optim_adam.test.tml,522,false,,lib/std/tests/ia/optim_adam.test.tml,false
check,60,1775319516299,check,992,false,,,false
lib/std/tests/ia/optim_adam.test.tml,61,1775319522108,lib/std/tests/ia/optim_adam.test.tml,507,false,,lib/std/tests/ia/optim_adam.test.tml,false
emit-ir,62,1775319547907,emit-ir,9051,false,,,false
check,0,1775319650266,check,443,false,,,false
build,1,1775319659608,build,3488,true,,,false
build,2,1775319666982,build,3239,true,,,false
check,3,1775319715523,check,53,true,,,false
check,4,1775319738751,check,51,true,,,false
lib/std/tests/ia/optim_adam.test.tml,63,1775319790411,lib/std/tests/ia/optim_adam.test.tml,525,false,,lib/std/tests/ia/optim_adam.test.tml,false
check,5,1775319838157,check,373,false,,,false
cache/invalidate,64,1775319887564,cache/invalidate,33,false,,,false
lib/std/tests/ia/optim_adam.test.tml,65,1775319894803,lib/std/tests/ia/optim_adam.test.tml,505,false,,lib/std/tests/ia/optim_adam.test.tml,false
emit-ir,6,1775319905600,emit-ir,3170,true,,,false
lib/std/tests/ia/optim_adam.test.tml,66,1775319921776,lib/std/tests/ia/optim_adam.test.tml,9609,false,,lib/std/tests/ia/optim_adam.test.tml,false
cache/invalidate,67,1775319974962,cache/invalidate,34,false,,,false
lib/std/tests/ia/optim_adam.test.tml,68,1775319980334,lib/std/tests/ia/optim_adam.test.tml,520,false,,lib/std/tests/ia/optim_adam.test.tml,false
check,7,1775320033019,check,488,false,,,false
cache/invalidate,8,1775320046287,cache/invalidate,43,false,,,false
lib/std/tests/ia/optim_adam.test.tml,69,1775320076780,lib/std/tests/ia/optim_adam.test.tml,14290,false,,lib/std/tests/ia/optim_adam.test.tml,false
emit-ir,70,1775320099899,emit-ir,14302,false,,,false
emit-ir,71,1775320121215,emit-ir,13208,false,,,false
lib/std/tests/ia/optim_scheduler.test.tml,72,1775320149470,lib/std/tests/ia/optim_scheduler.test.tml,891,false,,lib/std/tests/ia/optim_scheduler.test.tml,false
lib/std/tests/ia/tensor_matmul.test.tml,73,1775320160832,lib/std/tests/ia/tensor_matmul.test.tml,11351,false,,lib/std/tests/ia/tensor_matmul.test.tml,false
check,9,1775320204230,check,362,true,,,false
check,0,1775320509807,check,962,false,,,false
lib/std/tests/ia/optim_sgd.test.tml,0,1775320927038,lib/std/tests/ia/optim_sgd.test.tml,7449,false,,lib/std/tests/ia/optim_sgd.test.tml,false
lib/std/tests/ia/optim_clip.test.tml,0,1775320930282,lib/std/tests/ia/optim_clip.test.tml,2979,false,,lib/std/tests/ia/optim_clip.test.tml,false
lib/std/tests/ia/optim_sgd.test.tml,0,1775320937824,lib/std/tests/ia/optim_sgd.test.tml,372,false,,lib/std/tests/ia/optim_sgd.test.tml,false
cache/invalidate,0,1775320951615,cache/invalidate,55,false,,,false
lib/std/tests/ia/optim_sgd.test.tml,1,1775320956564,lib/std/tests/ia/optim_sgd.test.tml,27,false,,lib/std/tests/ia/optim_sgd.test.tml,false
lib/std/tests/ia/nn_dropout.test.tml,0,1775320957840,lib/std/tests/ia/nn_dropout.test.tml,25,false,,lib/std/tests/ia/nn_dropout.test.tml,false
lib/std/tests/ia/optim_clip.test.tml,1,1775320957895,lib/std/tests/ia/optim_clip.test.tml,25,false,,lib/std/tests/ia/optim_clip.test.tml,false
lib/std/tests/ia/tensor_index.test.tml,2,1775320958396,lib/std/tests/ia/tensor_index.test.tml,33,false,,lib/std/tests/ia/tensor_index.test.tml,false
lib/std/tests/ia/tensor_creation.test.tml,0,1775320964116,lib/std/tests/ia/tensor_creation.test.tml,6,false,,lib/std/tests/ia/tensor_creation.test.tml,false
check,0,1775320984070,check,40,true,,,false
lib/std/tests/ia/tensor_creation.test.tml,0,1775320992394,lib/std/tests/ia/tensor_creation.test.tml,7105,false,,lib/std/tests/ia/tensor_creation.test.tml,false
check,0,1775320992537,check,312,false,,,false
lib/std/tests/ia/optim_sgd.test.tml,1,1775321005991,lib/std/tests/ia/optim_sgd.test.tml,7972,false,,lib/std/tests/ia/optim_sgd.test.tml,false
lib/std/tests/ia/nn_dropout.test.tml,2,1775321012344,lib/std/tests/ia/nn_dropout.test.tml,6347,false,,lib/std/tests/ia/nn_dropout.test.tml,false
check,1,1775321020139,check,46,true,,,false
lib/std/tests/ia/optim_clip.test.tml,3,1775321020431,lib/std/tests/ia/optim_clip.test.tml,8083,false,,lib/std/tests/ia/optim_clip.test.tml,false
lib/std/tests/ia/tensor_index.test.tml,4,1775321033900,lib/std/tests/ia/tensor_index.test.tml,8575,false,,lib/std/tests/ia/tensor_index.test.tml,false
lib/std/tests/ia/nn_activation_extra.test.tml,5,1775321040989,lib/std/tests/ia/nn_activation_extra.test.tml,7084,false,,lib/std/tests/ia/nn_activation_extra.test.tml,false
lib/std/tests/ia/nn_loss_extra.test.tml,6,1775321048267,lib/std/tests/ia/nn_loss_extra.test.tml,7271,false,,lib/std/tests/ia/nn_loss_extra.test.tml,false
lib/std/tests/ia/train_dataset.test.tml,7,1775321059057,lib/std/tests/ia/train_dataset.test.tml,5948,false,,lib/std/tests/ia/train_dataset.test.tml,false
lib/std/tests/ia/train_dataloader.test.tml,8,1775321064901,lib/std/tests/ia/train_dataloader.test.tml,5839,false,,lib/std/tests/ia/train_dataloader.test.tml,false
lib/std/tests/ia/train_checkpoint.test.tml,9,1775321071923,lib/std/tests/ia/train_checkpoint.test.tml,7015,false,,lib/std/tests/ia/train_checkpoint.test.tml,false
lib/std/tests/ia/autograd_extra.test.tml,10,1775321082333,lib/std/tests/ia/autograd_extra.test.tml,10403,false,,lib/std/tests/ia/autograd_extra.test.tml,false
check,1,1775321174703,check,310,false,,,false
std/ia,2,1775321244054,std/ia,24256,false,,std/ia,false
docs/search,0,1775321722378,docs/search,2677,false,,,false
check,1,1775321792379,check,357,false,,,false
check,2,1775321795651,check,554,true,,,false
lib/core/tests/str/str_simd.test.tml,3,1775321819990,lib/core/tests/str/str_simd.test.tml,4896,false,,lib/core/tests/str/str_simd.test.tml,false
lib/core/tests/str/str_search.test.tml,4,1775321827602,lib/core/tests/str/str_search.test.tml,3826,false,,lib/core/tests/str/str_search.test.tml,false
lib/core/tests/str/str_simd_rfind.test.tml,5,1775321848085,lib/core/tests/str/str_simd_rfind.test.tml,3846,false,,lib/core/tests/str/str_simd_rfind.test.tml,true
lib/core/tests/str/str_simd_find_all.test.tml,6,1775321866557,lib/core/tests/str/str_simd_find_all.test.tml,3136,false,,lib/core/tests/str/str_simd_find_all.test.tml,true
lib/core/tests/str/str_simd_find_all.test.tml,7,1775321872389,lib/core/tests/str/str_simd_find_all.test.tml,485,false,,lib/core/tests/str/str_simd_find_all.test.tml,true
lib/core/tests/str/str_simd_find_all.test.tml,8,1775321905306,lib/core/tests/str/str_simd_find_all.test.tml,3543,false,,lib/core/tests/str/str_simd_find_all.test.tml,true
core/str,9,1775321920206,core/str,11926,false,,core/str,false
lib/core/tests/str/str_coverage2.test.tml,10,1775321931375,lib/core/tests/str/str_coverage2.test.tml,612,false,,lib/core/tests/str/str_coverage2.test.tml,false
core/str,11,1775321937746,core/str,1960,false,,core/str,false
docs/list,12,1775322040827,docs/list,2630,false,,,false
docs/list,13,1775322044347,docs/list,4,false,,,false
docs/search,14,1775322046978,docs/search,102,false,,,false
docs/list,15,1775322051171,docs/list,4,false,,,false
docs/search,16,1775322056780,docs/search,125,false,,,false
docs/search,17,1775322057281,docs/search,103,false,,,false
docs/get,18,1775322066666,docs/get,2614,false,,,false
docs/search,19,1775322066756,docs/search,83,false,,,false
docs/search,20,1775322076896,docs/search,2761,false,,,false
docs/search,0,1775322087396,docs/search,2690,false,,,false
docs/search,1,1775322092920,docs/search,2630,false,,,false
check,2,1775322135988,check,833,false,,,false
check,21,1775322153968,check,875,true,,,false
docs/search,22,1775322164927,docs/search,2788,false,,,false
check,23,1775322234387,check,323,false,,,false
check,24,1775322311004,check,358,false,,,false
check,25,1775322366070,check,356,false,,,false
check,26,1775322391402,check,336,false,,,false
check,27,1775322454585,check,312,false,,,false
core/str,28,1775322461665,core/str,884,false,,core/str,false
core/str,29,1775322467260,core/str,829,false,,core/str,false
lib/core/tests/str/str_transform.test.tml,30,1775322478510,lib/core/tests/str/str_transform.test.tml,6906,false,,lib/core/tests/str/str_transform.test.tml,false
lib/core/tests/str/str_transform.test.tml,31,1775322500654,lib/core/tests/str/str_transform.test.tml,5223,false,,lib/core/tests/str/str_transform.test.tml,true
emit-ir,32,1775322513503,emit-ir,4705,true,,,false
check,3,1775322532957,check,399,false,,,false
lib/postgresql/tests/pg_connect.test.tml,4,1775322543565,lib/postgresql/tests/pg_connect.test.tml,7374,false,,lib/postgresql/tests/pg_connect.test.tml,false
emit-ir,5,1775322557180,emit-ir,7274,false,,,false
emit-ir,6,1775322568565,emit-ir,7653,false,,,false
emit-ir,7,1775322580207,emit-ir,7634,false,,,false
check,33,1775322621139,check,330,false,,,false
emit-ir,34,1775322629898,emit-ir,4373,false,,,false
emit-ir,35,1775322641273,emit-ir,4563,false,,,false
emit-ir,36,1775322648425,emit-ir,4461,false,,,false
emit-ir,37,1775322655992,emit-ir,4537,false,,,false
lib/core/tests/str/str_transform.test.tml,38,1775322665739,lib/core/tests/str/str_transform.test.tml,3768,false,,lib/core/tests/str/str_transform.test.tml,false
lib/core/tests/str/str_simd.test.tml,39,1775322677534,lib/core/tests/str/str_simd.test.tml,770,false,,lib/core/tests/str/str_simd.test.tml,false
lib/core/tests/str/str_simd_trim.test.tml,40,1775322705009,lib/core/tests/str/str_simd_trim.test.tml,4280,false,,lib/core/tests/str/str_simd_trim.test.tml,false
lib/core/tests/str/str_simd_dispatch.test.tml,41,1775322744071,lib/core/tests/str/str_simd_dispatch.test.tml,4222,false,,lib/core/tests/str/str_simd_dispatch.test.tml,false
lib/core/tests/str/str_simd_rfind.test.tml,42,1775322748862,lib/core/tests/str/str_simd_rfind.test.tml,790,false,,lib/core/tests/str/str_simd_rfind.test.tml,false
lib/core/tests/str/str_simd_find_all.test.tml,43,1775322749708,lib/core/tests/str/str_simd_find_all.test.tml,839,false,,lib/core/tests/str/str_simd_find_all.test.tml,false
core/str,44,1775322788899,core/str,819,false,,core/str,false
lib/core/tests/str/str_simd_rfind.test.tml,45,1775322796624,lib/core/tests/str/str_simd_rfind.test.tml,819,false,,lib/core/tests/str/str_simd_rfind.test.tml,false
lib/core/tests/str/str_simd_find_all.test.tml,46,1775322797415,lib/core/tests/str/str_simd_find_all.test.tml,785,false,,lib/core/tests/str/str_simd_find_all.test.tml,false
lib/core/tests/str/str_simd_trim.test.tml,47,1775322798211,lib/core/tests/str/str_simd_trim.test.tml,791,false,,lib/core/tests/str/str_simd_trim.test.tml,false
lib/core/tests/str/str_simd_dispatch.test.tml,48,1775322799011,lib/core/tests/str/str_simd_dispatch.test.tml,792,false,,lib/core/tests/str/str_simd_dispatch.test.tml,false
lib/postgresql/tests/pg_connect.test.tml,8,1775322892575,lib/postgresql/tests/pg_connect.test.tml,518,false,,lib/postgresql/tests/pg_connect.test.tml,false
cache/invalidate,9,1775322919827,cache/invalidate,50,false,,,false
lib/postgresql/tests/pg_connect.test.tml,10,1775322923207,lib/postgresql/tests/pg_connect.test.tml,529,false,,lib/postgresql/tests/pg_connect.test.tml,false
check,0,1775323735840,check,49,true,,,false
check,1,1775323756235,check,342,false,,,false
check,2,1775323787843,check,1813,true,,,false
check,3,1775323802373,check,546,false,,,false
check,4,1775323827101,check,391,false,,,false
f:/Node/hivellm/tml/lib/core/tests/str/str_simd_split.test.tml,5,1775323833682,f:/Node/hivellm/tml/lib/core/tests/str/str_simd_split.test.tml,3739,false,,f:/Node/hivellm/tml/lib/core/tests/str/str_simd_split.test.tml,false
f:/Node/hivellm/tml/lib/core/tests/str/str_simd_split.test.tml,6,1775323841003,f:/Node/hivellm/tml/lib/core/tests/str/str_simd_split.test.tml,765,false,,f:/Node/hivellm/tml/lib/core/tests/str/str_simd_split.test.tml,false
core/str,7,1775323857269,core/str,11924,false,,core/str,false
f:/Node/hivellm/tml/lib/core/tests/str/str_simd_split.test.tml,8,1775323862680,f:/Node/hivellm/tml/lib/core/tests/str/str_simd_split.test.tml,812,false,,f:/Node/hivellm/tml/lib/core/tests/str/str_simd_split.test.tml,false
f:/Node/hivellm/tml/lib/core/tests/str/str_split.test.tml,9,1775323869727,f:/Node/hivellm/tml/lib/core/tests/str/str_split.test.tml,114,false,,f:/Node/hivellm/tml/lib/core/tests/str/str_split.test.tml,false
f:/Node/hivellm/tml/lib/core/tests/str/str_split_lines.test.tml,10,1775323880950,f:/Node/hivellm/tml/lib/core/tests/str/str_split_lines.test.tml,3696,false,,f:/Node/hivellm/tml/lib/core/tests/str/str_split_lines.test.tml,false
f:/Node/hivellm/tml/lib/core/tests/str/str_split_method.test.tml,11,1775323887522,f:/Node/hivellm/tml/lib/core/tests/str/str_split_method.test.tml,4031,false,,f:/Node/hivellm/tml/lib/core/tests/str/str_split_method.test.tml,false
f:/Node/hivellm/tml/lib/core/tests/str/str_split_once.test.tml,12,1775323894540,f:/Node/hivellm/tml/lib/core/tests/str/str_split_once.test.tml,4802,false,,f:/Node/hivellm/tml/lib/core/tests/str/str_split_once.test.tml,false
f:/Node/hivellm/tml/lib/core/tests/str/str_simd.test.tml,13,1775323906511,f:/Node/hivellm/tml/lib/core/tests/str/str_simd.test.tml,4446,false,,f:/Node/hivellm/tml/lib/core/tests/str/str_simd.test.tml,false
lib/core/tests/str/str_simd_split.test.tml,14,1775323927508,lib/core/tests/str/str_simd_split.test.tml,821,false,,lib/core/tests/str/str_simd_split.test.tml,false
check,0,1775324007756,check,573,false,,,false
check,1,1775324014425,check,1016,false,,,false
check,2,1775324018236,check,417,false,,,false
check,3,1775324023141,check,423,false,,,false
check,15,1775324271841,check,358,false,,,false
core/str,16,1775324279249,core/str,991,false,,core/str,false
lib/core/tests/str/str_simd_avx2.test.tml,17,1775324314305,lib/core/tests/str/str_simd_avx2.test.tml,4825,false,,lib/core/tests/str/str_simd_avx2.test.tml,false
lib/core/tests/str/str_simd_avx2.test.tml,18,1775324317804,lib/core/tests/str/str_simd_avx2.test.tml,489,false,,lib/core/tests/str/str_simd_avx2.test.tml,false
lib/core/tests/str/str_simd_bench.test.tml,19,1775324343755,lib/core/tests/str/str_simd_bench.test.tml,5078,false,,lib/core/tests/str/str_simd_bench.test.tml,false
core/str,20,1775324346851,core/str,484,false,,core/str,false
lib/core/tests/str/str_simd_avx2.test.tml,21,1775324364531,lib/core/tests/str/str_simd_avx2.test.tml,763,false,,lib/core/tests/str/str_simd_avx2.test.tml,false
lib/core/tests/str/str_simd_bench.test.tml,22,1775324365351,lib/core/tests/str/str_simd_bench.test.tml,808,false,,lib/core/tests/str/str_simd_bench.test.tml,false
cache/invalidate,4,1775325281851,cache/invalidate,49,false,,,false
cache/invalidate,0,1775327797837,cache/invalidate,38,false,,,false
lib/postgresql/tests/pg_query.test.tml,1,1775327915972,lib/postgresql/tests/pg_query.test.tml,8286,false,,lib/postgresql/tests/pg_query.test.tml,true
lib/postgresql/tests/pg_query.test.tml,0,1775329994884,lib/postgresql/tests/pg_query.test.tml,8595,true,,lib/postgresql/tests/pg_query.test.tml,true
build,1,1775330120566,build,8791,false,,,false
run,2,1775330138375,run,9482,true,,,false
emit-ir,3,1775330255090,emit-ir,342,false,,,false
lib/postgresql/tests/pg_connection.test.tml,4,1775330589711,lib/postgresql/tests/pg_connection.test.tml,120,false,,lib/postgresql/tests/pg_connection.test.tml,false
lib/postgresql/tests/pg_connect.test.tml,5,1775330609255,lib/postgresql/tests/pg_connect.test.tml,471,false,,lib/postgresql/tests/pg_connect.test.tml,false
run,6,1775330661215,run,476,true,,,false
